	TARGET-30-PAITCI-01	TARGET-30-PAITEG-01	TARGET-30-PAIVHE-01	TARGET-30-PALBFW-01	TARGET-30-PALCBW-01	TARGET-30-PALETP-01	TARGET-30-PALIIN-01	TARGET-30-PALNVP-01	TARGET-30-PALTEG-01	TARGET-30-PALUYS-01	TARGET-30-PALWVJ-01	TARGET-30-PALXTB-01	TARGET-30-PAMYCE-01	TARGET-30-PANBJH-01	TARGET-30-PANBSP-01	TARGET-30-PANKFE-01	TARGET-30-PANNMS-01	TARGET-30-PANRHJ-01	TARGET-30-PANRRW-01	TARGET-30-PANRVJ-01	TARGET-30-PANUIF-01	TARGET-30-PANWRR-01	TARGET-30-PANYGR-01	TARGET-30-PANZPV-01	TARGET-30-PANZVU-01	TARGET-30-PAPBGH-01	TARGET-30-PAPBZI-01	TARGET-30-PAPEAV-01	TARGET-30-PAPHPE-01	TARGET-30-PAPKXS-01	TARGET-30-PAPLSD-01	TARGET-30-PAPUAR-01	TARGET-30-PAPUEB-01	TARGET-30-PAPUWY-01	TARGET-30-PAPVFD-01	TARGET-30-PAPVXS-01	TARGET-30-PARACS-01	TARGET-30-PARBGP-01	TARGET-30-PARDIW-01	TARGET-30-PARFWB-01	TARGET-30-PARGKK-01	TARGET-30-PARHAM-01	TARGET-30-PARHAM-02	TARGET-30-PARKGJ-01	TARGET-30-PARSBI-01	TARGET-30-PARYNK-01	TARGET-30-PARZIP-01	TARGET-30-PASFGG-01	TARGET-30-PASMNT-01	TARGET-30-PASNEF-01	TARGET-30-PASPER-01	TARGET-30-PASRFS-01	TARGET-30-PASSRS-01	TARGET-30-PASTCN-01	TARGET-30-PASTKC-01	TARGET-30-PASUCB-01	TARGET-30-PASUYG-01	TARGET-30-PASWIJ-01	TARGET-30-PASXHE-01	TARGET-30-PASXRJ-01	TARGET-30-PASYPX-01	TARGET-30-PATCFL-01	TARGET-30-PATDXC-01	TARGET-30-PATFCY-01	TARGET-30-PATGLU-01	TARGET-30-PATHVK-01	TARGET-30-PATINJ-01	TARGET-30-PATNKP-02	TARGET-30-PATYIL-01	TARGET-30-PATYIL-02
IGHV4-4	0.0	0.52618414	0.0	0.0	2.8679327999999997	1.8359431	3.8104758000000003	0.6960961999999999	1.2016847	1.3618348	0.0	0.0	0.0	0.0	0.0	3.3533165	0.43305513	1.438321	0.83196074	0.0	0.20175661	0.2751237	0.0	0.0	2.1570847	0.0	0.0	1.0072758	0.0	0.5656918000000001	1.8719058999999998	2.250979	2.9579601	1.5410503999999998	0.0	0.7991509	0.80744386	2.687107	1.3785836	1.0773331	0.15068647	0.0	0.16362981	0.0	3.9606802000000005	3.5223372000000004	0.49579449999999997	2.8914404	1.6229928	0.0	1.9260064	5.197719	0.0	0.8640384	0.22663648	0.45428359999999995	0.0	0.0	1.1044103	4.003584399999999	4.3923239999999995	0.9336372	1.5410503999999998	0.0	1.9069613	0.0	0.0	0.17644595	0.0	0.0
MGARP	1.6508208999999998	4.687645400000001	0.76562524	2.4854136000000002	3.6859796	0.5754108	0.32205167	2.4141626	0.5361526	0.73994064	0.59464574	1.7613178	1.0635976	1.618267	0.38968015	1.9635481	0.5656918000000001	1.5110093	1.875834	1.4594975000000001	1.2203858	0.73994064	1.4751447	1.1506448999999999	0.9635396999999999	2.166716	0.34494959999999997	1.5558652	3.9020865	1.7866592000000001	0.8400183000000001	1.0144353000000002	0.90309465	1.2570579	1.3896316999999998	1.2987429	1.8359431	1.6645558999999996	1.1375494	1.2750628000000002	1.6870991000000002	1.3334688000000001	2.4828672000000003	1.0841396	1.7005076000000001	0.8480885	1.1177393	0.8797943000000001	1.2203858	0.7049559	3.0703888	0.8480885	1.5059485000000001	1.3449053999999998	3.8155847	1.049722	2.2600729999999998	0.9108029000000001	0.77407175	1.1375494	3.6949286	2.5728972000000003	1.9671944	1.6690792	0.90309465	2.8176662999999995	0.8560810999999999	3.4982522000000005	0.6871335	0.80744386
PLK1	4.28908	1.7949808	4.698797	3.0652797	1.5607548	4.189069	5.523873	1.5460458000000001	4.488007	6.387817	4.799607	1.9635481	4.522901	5.588569000000001	4.7697306	1.8359431	4.791798	4.6707315000000005	3.7125642	3.111082	3.1683583	4.145721	5.7059809999999995	4.292781400000001	4.8384805	5.5746655	5.054441000000001	4.8885026	2.7398314	4.961616	4.788714	5.3441279999999995	5.242583799999999	5.2581635	5.1858525	5.2589426	4.517258	4.7739697	4.864449	5.6585225999999995	2.8679327999999997	4.2226467	0.8480885	4.7881355	4.234196	5.3312545	4.303792	5.3722267	5.3344727	5.2723846	3.6229150000000003	4.2433834	5.082771299999999	5.2075458	4.401182700000001	6.235754	5.427976	4.4215784000000005	5.533265	3.9690106	5.919316	3.9699470000000003	4.7042785	4.370141	5.5846524	5.029908	5.28544	4.886087	4.257785	4.945842
WLS	2.1505704	4.586766000000001	3.9909291	2.6893039	6.4891357	2.6346498	2.8816669999999998	2.1009912	2.7527682999999996	2.650778	2.5286033	1.8679093	3.8419877999999996	1.3618348	1.2570579	5.6792083	2.3978515	2.8156068	3.2172593999999997	4.85798	3.2433507	1.8520371	2.1342453999999997	4.2117643	3.7495546	2.6276045	2.3391377999999996	0.9561472	2.0143566	2.1858785	3.1874849999999997	2.9297671000000003	2.7355804	2.292776	2.0738373	2.526123	2.3757667999999996	2.2720363	2.021513	1.6229928	2.6252575	2.5286033	2.4828672000000003	3.1060423999999998	2.9126656000000004	1.4803389999999998	1.9336054	3.2433507	1.1441122	1.438321	2.0391898	2.1699827000000003	2.0426729	2.313273	4.776089	2.6017451	1.7697916	3.0461872000000003	1.8032506000000001	3.0018027000000003	2.5849729	1.8953143	2.7655543999999996	2.0391898	2.238825	2.1243687	2.3561764	4.2172523	1.4115105	2.35336
JPH3	4.517258	2.0391898	3.7939506	5.242583799999999	4.4134755	3.0635187999999998	4.5831237	5.609724	0.16362981	5.217665	4.473105400000001	5.1679606	3.5945456	4.953293	4.5998983	3.1634705000000003	4.290598999999999	4.473105400000001	5.2787166	4.7703085	4.017936	5.1329737	4.9260106	5.922463400000001	4.8830914000000005	4.468617	4.8762326	5.025061599999999	5.1651416	5.3150687	4.0303254	4.990469999999999	4.1317606	3.7959921000000003	5.3746667	4.1110234	2.8619790000000003	5.3631519999999995	4.3348556	4.605844	5.2449203	5.166697	5.4372563	2.7991471000000003	4.2539945	4.33343	4.8718863	4.26006	3.6881932999999996	4.422246	5.170683	4.6633344	4.924076599999999	1.8237927	3.3074725	4.198523000000001	3.6017019999999995	4.12846	5.042221	4.6258919999999994	4.9546475	0.25107563	4.3778505	4.6276193	2.786652	4.5957766	2.6415339	4.3680477	4.79334	5.02196
GPM6A	0.014497611	1.9635481	1.2449315	1.9745712	3.1209915	0.25107563	0.9486982	5.6395087	0.55591464	0.0	0.042784035	3.8884665999999997	0.6691063	0.0	0.0	2.4620397	0.54605496	0.64164835	2.1538265	1.0144353000000002	0.38968015	2.0108203999999996	1.0704504	5.2342114	1.6870991000000002	1.8560168999999997	1.3785836	0.55591464	3.3277178	4.803271	0.21424463	1.7570888	0.89538705	0.4751773	0.8156711	0.05672351	0.26316009999999995	0.6781482	0.62302387	0.45428359999999995	0.35624728	0.59464574	0.7485361999999999	2.7136803	0.33353373	4.6864915	0.33353373	0.78250456	0.58506453	0.59464574	3.3868315000000004	1.5801983	1.049722	0.28699607	1.5460458000000001	2.3334424	5.8609165999999995	1.5607548	0.8797943000000001	1.2810018	0.887589	0.6871335	2.021513	0.71378523	0.3786144	0.40063623	0.6871335	6.901011500000001	0.46478304	0.6323526999999999
SLC25A18	0.55591464	0.54605496	1.7137631000000002	1.4803389999999998	1.5753416	0.78250456	0.80744386	0.9108029000000001	0.52618414	1.1764042	0.54605496	0.9709230999999999	1.0566703000000002	0.94119436	1.0976788999999998	0.9108029000000001	1.4594975000000001	0.54605496	1.2570579	0.40063623	0.6960961999999999	0.49579449999999997	0.6600121	0.8156711	0.9561472	0.41153392	0.52618414	0.58506453	2.531084	4.1666765	2.7718697	1.0072758	0.44372052	1.8032506000000001	1.9486238	0.7312613	1.9030752	1.0286552	0.65087	0.5754108	1.1111153	0.71378523	0.6691063	1.0427017	0.7312613	0.50599486	0.4751773	2.137568	0.65087	2.2419004	2.518523	0.6136315999999999	0.83196074	0.6600121	0.46478304	1.1699992000000001	0.42232955	0.8797943000000001	1.9782271	1.182776	0.7571259	1.7485055	1.0357134	0.6960961999999999	1.2810018	1.0976788999999998	1.0635976	1.1375494	0.44372052	0.43305513
DEPDC1B	1.9635481	0.23891501	2.4620397	0.49579449999999997	0.25107563	2.6346498	3.7279058	0.7991509	2.392343	3.4155335	2.7740042000000003	0.54605496	2.2779882000000002	3.094292	3.5873922999999994	0.25107563	3.3603556000000006	3.0053918	1.9928074	0.5656918000000001	1.1699992000000001	2.6599494999999997	4.2562690000000005	1.5460458000000001	3.1457145	4.0807047	2.8298626000000002	3.3462807999999997	0.38968015	3.214136	2.9203012000000004	3.4475646	3.6870863	3.056565	3.6241095000000003	3.2898623999999996	2.0840685000000003	3.4633799	2.9690335	3.7224517	0.7049559	2.1699827000000003	0.35624728	2.2479775	2.0108203999999996	3.6518857000000002	1.3562181	3.1160357000000003	3.1010047999999997	3.0267782000000003	2.4854136000000002	2.493141	4.114415	3.0891716000000002	2.5607592999999995	5.038246	3.9514174	2.9355035	3.2433507	1.4330235	4.701586	2.2868881	3.8718746	3.4128146	3.825807	3.4501991000000003	2.9523847	3.8135412000000004	2.887547	3.6702142
AXL	2.3016197999999997	5.5438333	4.487337999999999	3.3868315000000004	5.6893077000000005	2.7548977999999997	2.8914404	1.8560168999999997	2.2479775	3.1276321	2.7355804	2.9653702	3.9864311000000003	2.3895907000000003	2.1538265	5.504017	1.7949808	3.0000522000000003	3.2599998	4.1954025999999995	3.0374002	1.7824702000000001	2.5360487000000003	3.8708496	3.8846437999999996	3.3618002000000002	2.3561764	1.883629	3.1953225	1.3896316999999998	2.7949514	2.4828672000000003	2.3334424	2.931679	1.8719058999999998	2.8114889	2.1858785	2.9392428	2.358994	2.0566328	2.9164824	2.7485106	2.0531387	3.7844877	2.5509644000000002	2.0840685000000003	1.7311942999999999	2.722501	2.0286055	1.7485055	1.4060217	2.7845142000000003	2.179561	2.358994	4.0951059999999995	1.8115393	1.33921	3.0993264	2.0496476	2.6803508	2.2172682	2.3248699	3.336275	2.5898084999999997	2.2570662	2.1570847	2.3729412999999995	1.3785836	1.5801983	2.5435026
RYR1	0.6781482	0.82382965	1.2690823999999998	1.1954168	2.8114889	1.0976788999999998	0.87191325	0.48553726	0.15068647	1.3729870000000002	0.58506453	0.7571259	1.1954168	0.64164835	0.6323526999999999	2.5385325	0.07052474	2.2986703	2.7718697	2.650778	0.78250456	1.9145979	1.3674041000000001	1.5059485000000001	1.0286552	0.7485361999999999	0.042784035	0.028709901	3.6881932999999996	4.2311664	0.50599486	1.0841396	0.94119436	0.9336372	5.0290356	1.5210948	3.8688931	2.698267	0.72254187	0.50599486	0.34494959999999997	0.32205167	0.4751773	0.99286234	0.6041816	3.7420578	3.0703888	1.5753416	0.6323526999999999	4.234954	4.569230999999999	0.55591464	0.45428359999999995	3.1570752	0.94119436	3.1325932	1.7570888	1.0000511	0.22663648	2.1985368999999997	1.4276745000000002	2.2957224999999997	0.40063623	0.32205167	0.9635396999999999	0.17644595	2.7740042000000003	2.5825560000000003	3.3477237	1.0215281999999999
INHBA	2.2296095	4.3491163	4.0951059999999995	1.9069613	2.1954083	1.0635976	0.6136315999999999	1.2016847	1.0976788999999998	1.0427017	3.9069392999999994	1.1111153	2.9260318	1.4060217	0.6136315999999999	2.4114816	0.7485361999999999	0.77407175	0.55591464	3.112674	1.6736089	0.9635396999999999	1.1891136999999998	3.0772630000000003	2.3895907000000003	2.5607592999999995	1.9598305	0.7049559	0.7571259	0.6691063	0.8400183000000001	1.2987429	1.0286552	0.5361526	1.182776	0.83196074	1.4803389999999998	0.9709230999999999	0.41153392	0.80744386	1.8639895	1.7398738	1.3785836	6.3892	1.7527944	1.2810018	0.50599486	1.3729870000000002	0.25107563	0.41153392	0.28699607	0.87191325	1.1310111	1.641562	3.0755882000000003	2.6017451	1.8560168999999997	2.3477314	1.4436299	0.76562524	0.99286234	1.7697916	1.1044103	0.9709230999999999	0.9260758	1.182776	0.5361526	0.8400183000000001	0.49579449999999997	0.7312613
XCL1	0.64164835	0.90309465	1.9486238	1.9336054	0.6600121	0.31045547	0.3786144	3.291299	0.8480885	0.82382965	0.54605496	1.1375494	1.2570579	2.4594207000000003	2.8894502999999996	1.3045712	0.8797943000000001	2.1342453999999997	2.4672816	1.2631196000000002	0.34494959999999997	1.9107777	0.25107563	0.3786144	3.8419877999999996	0.0	0.028709901	0.77407175	0.46478304	4.05052	0.8400183000000001	0.7485361999999999	0.90309465	4.873335	0.6041816	1.6041348	3.2524781000000003	0.77407175	1.3277426	1.2203858	0.40063623	1.7093155	1.1635615	1.5210948	1.0704504	1.2987429	4.0053663	0.8797943000000001	4.398515	0.7908371	3.4396633999999997	0.7485361999999999	2.7740042000000003	0.9635396999999999	1.4854795	0.9108029000000001	0.07052474	1.182776	4.525484	1.7311942999999999	0.8640384	4.7782089999999995	0.48553726	0.3674849	1.2265648999999998	1.2141696000000002	0.5754108	3.6099634	3.7158902	0.23891501
MIPEP	3.7856007000000007	3.5885842000000006	5.419185	5.5846524	2.5033484	2.6758783	5.4679394	3.9069392999999994	4.2615767	3.5185032	3.7377093	2.5410169999999996	2.032156	4.118562	2.9030432999999998	2.0426729	2.4087207000000004	4.8006673	2.35336	3.1874849999999997	3.17476	3.1810763	3.636888	1.9745712	5.933381	3.4633799	3.0444293	3.5385067	2.9837008	4.4718633	4.9657784000000005	2.8560293	2.5160465	5.4577756	2.0143566	2.653049	7.978526	2.2357514	2.5728972000000003	6.1499424000000005	2.4409522999999997	2.9726982000000004	2.8114889	2.9279428	2.6040845	2.9011374	4.8227525	2.5873902	7.149488000000001	2.989119	2.7949514	1.9069613	2.9653702	6.3132410000000005	4.3291535	2.9523847	3.1193984	5.6481330000000005	6.137521	5.5369835	2.2047992	5.683718	3.1060423999999998	3.5607336000000003	5.0125585	1.9145979	2.3016197999999997	3.5534127	2.2234745	2.6803508
RELN	5.802755400000001	2.0669782	3.2720082	1.0704504	6.9447484	0.83196074	1.438321	6.137324	1.7570888	1.3674041000000001	1.6276582	3.176361	0.5361526	0.41153392	0.28699607	6.109331	1.9373734	2.906943	1.8156192	5.1651416	2.3701974999999997	5.2968407	0.9561472	2.720295	3.9532883	2.6576767000000006	1.9709185000000002	3.1177167999999997	4.878744	0.31045547	0.4751773	2.060053	2.4646602000000004	0.17644595	1.9782271	0.64164835	0.34494959999999997	1.2388668999999999	1.6915852999999998	1.6599708999999998	1.1177393	6.837955	5.8224983	0.11116745	0.83196074	1.0704504	1.7137631000000002	1.8679093	0.0	1.7268628000000001	2.6461546	1.9561163000000001	2.5160465	1.0635976	1.0976788999999998	4.039998000000001	7.072151	2.8519787999999995	0.7049559	2.8156068	2.8419895	3.5885842000000006	2.281006	2.5084577	0.54605496	3.8145629999999997	1.2016847	0.55591464	2.786652	2.5753107
DLGAP5	1.7311942999999999	0.31045547	2.2296095	0.58506453	0.38968015	2.9183917	3.7697464999999997	0.9184638	3.1667585	2.7970064	3.2418303	0.6960961999999999	2.5704846000000003	3.4515622	4.241867500000001	0.58506453	3.8176289	3.0959697	2.4141626	0.78250456	1.4647238	2.8319256	4.4816055	1.6915852999999998	3.7082229	4.3978486	2.961621	3.8298974	0.042784035	3.3420432	2.8258237999999998	3.7580730000000004	3.9049792	3.9854941	3.4436587999999997	3.5717216	3.6287968	3.1077220000000003	3.1408367000000004	3.9973025	0.9260758	2.6937842	0.26316009999999995	2.6893039	2.8135476	4.1293087	3.0959697	3.4957001000000005	3.4275932	3.5084655	2.3334424	2.3016197999999997	3.215653	3.8510141000000004	2.5728972000000003	3.2509565	3.4033029999999997	2.5898084999999997	3.512206	1.9855485000000002	4.8319182000000005	2.1342453999999997	3.4369402	2.9241211	3.9486112999999996	3.2675259999999997	3.9726622000000003	4.5704765	3.4515622	4.27504
SLC47A1	0.7049559	5.9145956	0.9336372	0.6041816	2.6438859	0.52618414	1.3219714	1.7782153000000003	1.1177393	1.0357134	0.50599486	1.400608	1.1310111	0.43305513	0.26316009999999995	0.80744386	0.50599486	3.1699585999999997	0.65087	2.6937842	1.4854795	0.71378523	0.7485361999999999	0.71378523	1.2327062	1.0976788999999998	0.2751237	0.5754108	0.54605496	1.2510145000000001	1.5310872	1.0976788999999998	0.41153392	0.54605496	1.3104153	0.6323526999999999	0.6136315999999999	1.5898027	1.1441122	0.65087	1.7137631000000002	1.9598305	1.0427017	0.62302387	2.0840685000000003	0.8640384	3.6392794000000004	1.3449053999999998	1.7740363000000001	0.7991509	0.8560810999999999	1.2631196000000002	3.7623339	0.58506453	4.438267	1.2510145000000001	0.17644595	1.5753416	0.6041816	1.1310111	0.5656918000000001	0.8560810999999999	0.7485361999999999	4.1954025999999995	0.20175661	1.2016847	0.3786144	0.77407175	1.4060217	2.281006
SLC12A8	4.2532363	3.9818404000000003	3.1143548	0.7312613	0.72254187	1.3841318999999999	1.3449053999999998	0.6600121	1.3896316999999998	1.1441122	1.6599708999999998	0.7049559	1.996404	1.3896316999999998	2.7355804	0.62302387	0.6871335	0.9855609000000001	0.6781482	1.4751447	1.5607548	0.54605496	1.6135489	1.2928126	1.2869579	2.2570662	0.21424463	0.8560810999999999	0.5361526	0.6323526999999999	0.9260758	1.7005076000000001	1.4803389999999998	1.7049433	1.4168863999999999	2.55586	0.9561472	0.9782476000000001	0.6600121	0.7485361999999999	1.1699992000000001	1.4906301000000002	1.3896316999999998	3.8728062999999993	1.6736089	1.0909218	0.7485361999999999	3.0053918	0.80744386	0.45428359999999995	1.2987429	0.80744386	0.78250456	1.1635615	1.7268628000000001	1.5460458000000001	2.518523	1.6229928	1.7485055	1.1891136999999998	0.6041816	1.049722	0.7571259	0.5361526	0.6600121	1.400608	1.1111153	1.2810018	1.0909218	0.9855609000000001
NUF2	3.5619237	0.44372052	5.140746599999999	1.7442220000000002	0.6691063	4.3117684999999994	5.675776	2.2419004	4.74575	4.2433834	5.2445307	1.6553924999999998	4.7098565	5.7210875	5.093837000000001	1.2327062	5.3359356	4.30816	3.4019443999999996	2.9279428	2.9392428	4.9150834	5.758376999999999	2.8217013	4.878261599999999	5.6430370000000005	3.9781873	5.317603599999999	1.0357134	5.3276463	4.606994599999999	5.217665	5.682051	5.8449965	5.501474	5.608549	4.5198402	5.2942095	4.812528599999999	6.1472807000000005	1.5656528	4.5856156	0.82382965	4.1227093	4.574692	5.4834830000000006	4.8768125	5.9634857000000006	5.4202595	5.301227	3.7750296999999997	4.5354342	6.331805999999999	5.7076483	4.6264677	6.170551000000001	6.809409	5.4760523	5.6438203	3.5223372000000004	6.355610400000001	4.2000356	5.971555	5.5441265	5.8313394	5.38716	5.560765	6.7750216	4.190581	5.0294237
CENPF	4.3291535	0.32205167	4.775607599999999	2.5410169999999996	0.9486982	4.9387784	6.4378233	2.8114889	5.849517	5.9481373	5.959747	2.350545	4.643264299999999	6.4849825	5.520449	0.80744386	6.2909274	5.870844	3.9126341	2.548476	3.4501991000000003	4.9443903	6.8764205	3.3205156000000002	5.435302	7.1985470000000005	6.195897	6.019	0.6600121	5.967619	4.9895983	6.0119114	6.558078299999999	6.1233262999999996	5.8887353	5.503039	4.8996162000000005	5.505875	5.6707764	6.3833704000000004	2.3701974999999997	5.3233559999999995	1.0909218	4.482848000000001	5.123939	6.0175233	5.685091000000001	6.556595	5.451521	5.8175864	4.6524816	5.046584999999999	6.2890515	5.834679599999999	5.2835884	7.9285283	7.852151400000001	5.6693052999999995	5.739828	3.7516837	6.998219000000001	4.9141164	6.476083	6.264176	6.302675700000001	5.943710299999999	6.229044999999999	7.037613	5.7543526	6.1460977
COG5	4.046104	3.1602726000000003	3.4763904	3.7980342000000005	4.065278500000001	2.2296095	4.0908690000000005	4.02413	2.899232	3.6123510000000003	2.6780720000000002	3.0000522000000003	4.715339	3.6870863	4.8073206	3.7441862	3.2956998	3.6449835	5.2983027	4.038307	3.3132277	4.1755557	3.111082	3.8227396000000002	5.917152	4.7403593	3.3618002000000002	5.822203599999999	4.184248999999999	4.053997	2.7718697	4.211007599999999	3.8217175	3.9634879	4.250204	3.83185	3.7559432999999998	3.9726622000000003	4.527302	3.1890876	4.5453877	4.662182	4.334190400000001	3.0321317000000003	3.6415794000000004	3.1143548	5.895814	3.5311053	4.7020664000000005	3.6123510000000003	3.9030194	4.126857299999999	5.682836	3.6357845999999996	3.473842	3.4475646	3.1260380000000003	3.1667585	4.802692400000001	3.7322519999999995	3.8991937999999995	3.6621989999999998	3.291299	4.7671294	3.2735322	3.6904072999999995	2.8894502999999996	6.234175700000001	6.646757000000001	6.6323037
CXCL11	0.08420307	0.7571259	1.636943	1.608838	0.6600121	0.89538705	2.8032591	0.05672351	0.89538705	1.0215281999999999	0.18916444	0.90309465	2.7845142000000003	0.18916444	0.05672351	1.33921	0.8797943000000001	0.22663648	3.1586738	1.2449315	0.9709230999999999	0.31045547	0.45428359999999995	0.46478304	1.0072758	0.028709901	1.400608	0.25107563	0.08420307	0.18916444	0.7049559	1.0427017	1.1111153	4.960261	1.0773331	5.161933400000001	1.7485055	1.4222745	0.3674849	0.50599486	0.32205167	0.097748086	0.042784035	0.17644595	1.1111153	2.4087207000000004	1.3162155	1.6645558999999996	0.2987822	1.0286552	2.7247077999999996	2.7527682999999996	0.097748086	0.34494959999999997	1.5849965	0.50599486	0.6041816	1.1891136999999998	1.3951445	1.0841396	1.2141696000000002	0.28699607	1.0841396	0.33353373	1.7949808	0.11116745	0.16362981	0.124459624	0.32205167	0.05672351
CXCL13	0.65087	0.124459624	1.8991928	0.62302387	3.6322906	2.4956913	5.303761	0.16362981	3.4880459999999998	1.0286552	0.41153392	0.0	1.8719058999999998	1.0000511	0.124459624	1.5898027	1.5008324	0.9709230999999999	2.0635524	2.0566328	0.17644595	0.6691063	0.11116745	0.71378523	2.6780720000000002	0.33353373	0.6136315999999999	0.23891501	0.15068647	0.28699607	1.4222745	3.6564891000000004	5.4985404	3.0959697	3.3715540999999996	1.8278862	1.5160798999999998	2.2479775	3.914595	1.7398738	0.13763218	0.15068647	0.34494959999999997	0.31045547	2.722501	3.490597	3.9173962999999996	3.1209915	0.9108029000000001	2.3305569	4.042628	4.05052	0.13763218	1.7740363000000001	3.3205156000000002	0.07052474	0.8797943000000001	2.704869	0.77407175	5.7207932	3.5969307	1.3674041000000001	1.875834	0.2751237	0.2751237	0.20175661	0.6041816	0.16362981	0.13763218	0.2751237
KIFC1	3.028621	0.7312613	4.9950223	1.8440174999999999	0.82382965	4.6599727	6.273356	2.4195275	4.952325	6.711817	4.527302	1.9709185000000002	5.357883	5.542855	4.94768	0.6781482	5.917447599999999	4.861939	3.7959921000000003	2.3701974999999997	3.4208817000000002	4.8811593	5.7586713	3.6859796	5.540702	4.9955072	5.1362767	5.8449965	0.5361526	5.902303	5.385793	5.5717287	5.77212	5.9959636	5.499811599999999	5.9862194	4.804235	5.770549	5.190618499999999	6.2558856	1.5801983	4.536678299999999	0.6600121	4.782449199999999	4.9068656	5.6721487	4.643264299999999	5.7416925	5.502354599999999	5.471849400000001	3.9818404000000003	5.082383	6.1265792999999995	5.781348	4.4242477	6.0127974	6.1466894	4.6455684	6.141168599999999	3.419522	6.4020457	3.7213426	5.3532977	5.9636830000000005	6.077897	6.2817464	6.845488499999999	6.320350599999999	4.4449453000000005	5.2525153
CXCL8	2.6438859	6.4865639999999996	5.4966826	3.7203257000000005	0.8156711	0.15068647	2.003606	2.5704846000000003	2.0635524	0.58506453	7.1874228	2.6599494999999997	2.1243687	0.124459624	0.3674849	3.370199	0.9108029000000001	2.2047992	2.0635524	5.23645	4.8614559999999996	0.21424463	1.8991928	1.3277426	1.4115105	0.2987822	0.18916444	2.263081	1.636943	0.22663648	2.6690476000000003	0.38968015	0.08420307	1.0286552	0.13763218	4.2156434	2.8298626000000002	0.097748086	0.887589	2.5873902	0.90309465	0.76562524	0.80744386	10.402465	4.337041999999999	0.21424463	1.2327062	0.50599486	1.1243893999999999	0.9336372	1.0909218	0.08420307	0.6041816	0.50599486	2.0461588	4.933071	0.18916444	0.6691063	2.0108203999999996	0.32205167	2.189079	0.124459624	1.0635976	0.124459624	1.6323309	2.531084	0.07052474	0.77407175	2.636916	1.9635481
TUBB4A	5.7447343	4.872369	6.656361	6.5787587	6.813274000000001	6.237037	6.1643386	4.482848000000001	5.432274	6.710826400000001	6.0056105	7.302956599999999	6.7657074999999995	6.292013	4.8419547	4.7597127	6.2035913	5.622068	7.3660635999999995	0.87191325	4.902999400000001	5.3150687	5.627358	6.8638287	0.22663648	5.8442110000000005	4.275799	4.684858	6.876916400000001	6.7081523	5.548726599999999	6.870570699999999	0.7908371	4.4847584000000005	6.328449	3.8328729	3.7192168	7.015384700000001	5.952761	5.675776	6.6644797	6.4055040000000005	6.324301	4.232681299999999	4.859524700000001	0.15068647	1.5704931	6.053073400000001	0.08420307	4.9795264999999995	5.4640303	6.819914999999999	0.16362981	5.4455605	6.6587369999999995	6.1195807	5.2303176	5.046584999999999	0.49579449999999997	5.636373000000001	5.8220067	5.041736599999999	0.21424463	4.3147125	0.48553726	2.5360487000000003	5.715103	0.07052474	6.209017299999999	6.382480999999999
KIF23	3.1953225	0.99286234	4.3624334000000005	1.2690823999999998	1.1243893999999999	4.2395945	4.9000993	1.3045712	3.2630455	5.1135470000000005	3.8866017	0.9184638	4.0496745	4.317562000000001	4.469285	0.9486982	4.060953	4.588012	2.5533702000000003	1.8679093	2.2600729999999998	4.335616	4.684858	3.139152	4.541655	4.7479644	4.2883214999999995	3.7257792999999997	0.7312613	4.7430544	3.8629315	4.422246	5.0518220000000005	5.1122847	4.960744999999999	4.64096	3.8620002	4.2660317	4.2311664	5.239566	1.5361298	3.7060065000000004	0.9782476000000001	4.1243114	4.021502	4.939746400000001	4.480937	4.560707	3.9383256	4.7114916	3.5059116	3.5909686	5.83694	4.777727	3.9279516000000005	5.4947267	5.1423984	3.9231870000000004	4.9359736	2.4776952000000003	4.997735	2.9579601	4.2187667	5.1296706	5.4296365	4.8156147	4.161105600000001	5.4669623	3.6357845999999996	4.342746
VIP	2.9927914	2.1243687	0.5754108	1.2079737	6.37191	0.17644595	1.6229928	1.0286552	0.6781482	0.32205167	2.5753107	1.8480612	2.292776	0.94119436	0.3786144	5.3222833	0.07052474	1.0144353000000002	0.9336372	1.2928126	2.003606	5.2697544	1.0286552	1.1243893999999999	2.4356506	0.9561472	5.0695744000000005	2.392343	1.2750628000000002	0.2751237	0.7485361999999999	0.7908371	0.8400183000000001	0.9855609000000001	0.33353373	0.23891501	0.94119436	0.6323526999999999	0.8480885	0.78250456	1.0635976	3.8923836000000005	8.0107	0.3786144	1.1570913999999999	0.65087	1.0566703000000002	0.6781482	0.45428359999999995	0.62302387	4.2023997	0.9260758	1.4699608999999998	0.89538705	1.1441122	5.597873	0.34494959999999997	1.875834	0.3674849	1.8953143	0.9336372	0.9561472	2.0000036	1.3104153	0.8156711	2.3191085	1.5160798999999998	2.060053	0.8797943000000001	0.31045547
TBC1D3D	0.124459624	1.0566703000000002	2.4329605	0.15068647	0.014497611	0.028709901	4.121012	0.11116745	0.0	3.8952756	3.5260816	0.0	0.25107563	0.3786144	0.13763218	0.0	0.0	2.8519787999999995	0.20175661	2.9523847	1.9598305	0.08420307	1.7005076000000001	0.07052474	3.8590202000000007	0.38968015	0.45428359999999995	0.6960961999999999	5.148909	2.9355035	0.9486982	3.1276321	2.4168446	3.1358721000000003	4.495747	4.695432	0.17644595	0.08420307	0.20175661	5.0789865999999995	5.507147	0.07052474	0.0	1.8875689999999998	3.7441862	0.0	3.1177167999999997	3.218777	0.17644595	4.1301575	0.0	0.21424463	0.097748086	0.18916444	4.5354342	2.695983	0.9336372	0.2987822	5.535712	0.20175661	0.0	0.0	0.0	1.1635615	1.7613178	2.8460355	4.0600133000000005	0.89538705	2.3219886	0.0
NGB	1.1635615	0.07052474	0.5656918000000001	2.0840685000000003	0.26316009999999995	0.54605496	0.18916444	2.111051	0.08420307	0.7991509	1.8639895	3.9864311000000003	0.2987822	0.0	1.1310111	0.5161281	0.25107563	0.21424463	2.759159	2.5286033	3.323396	0.82382965	1.3449053999999998	3.9644237	0.17644595	0.72254187	3.7844877	1.2690823999999998	3.5273602	3.7516837	0.7312613	1.6553924999999998	0.7908371	0.07052474	0.124459624	1.0773331	0.52618414	0.21424463	0.77407175	0.43305513	2.914574	4.211007599999999	3.3377168	0.5161281	2.292776	2.032156	2.5873902	0.124459624	0.5656918000000001	0.32205167	0.7571259	0.32205167	0.52618414	0.22663648	1.7442220000000002	1.8480612	1.8520371	0.124459624	0.08420307	1.3449053999999998	0.9486982	0.0	0.43305513	0.014497611	0.028709901	0.62302387	0.5361526	0.18916444	0.5361526	0.3674849
HP	0.13763218	0.9260758	2.8419895	0.124459624	3.3320407999999997	2.7676876	0.18916444	0.0	4.196915	0.08420307	0.124459624	0.34494959999999997	0.014497611	1.7398738	0.014497611	2.4168446	1.7005076000000001	3.0321317000000003	0.07052474	0.42232955	0.33353373	0.58506453	0.16362981	0.23891501	4.500813	0.2987822	0.07052474	0.05672351	0.25107563	0.38968015	0.21424463	1.8719058999999998	1.5210948	3.8787705999999997	1.2449315	0.887589	0.89538705	5.431297	1.1441122	0.5161281	0.13763218	0.124459624	0.65087	0.5161281	0.5656918000000001	0.41153392	0.80744386	2.9855356	1.7866592000000001	2.2419004	0.28699607	1.7093155	0.20175661	3.220384	0.38968015	6.8788	0.8156711	1.3505546	0.25107563	0.9561472	4.0303254	0.6600121	1.8719058999999998	0.49579449999999997	5.235379	0.097748086	1.4699608999999998	0.0	0.55591464	0.014497611
CPT1B	5.4597297	3.6040883000000004	6.6098337	5.7152996	2.0496476	5.1423984	5.856199299999999	4.0008655	4.793919	6.70627	5.2713127	4.304551999999999	6.327856	6.00945	6.765113400000001	5.316921	4.76607	5.6976438	6.655173	7.0048666	6.224210299999999	7.188217599999999	6.3192644	5.909973	6.0570135	6.4784565	5.7962737	4.6791873	6.055536	6.839045	6.1645355	6.64745	6.344250700000001	7.214537599999999	6.6947813	6.781859	6.336151999999999	7.107788	6.7375712	6.709539	6.1428447	5.978640599999999	3.8599517	4.135061299999999	5.957189	6.6530933	6.918862	6.5460085999999995	6.5532303	5.8892264	5.758867700000001	6.5720296000000005	5.572903599999999	6.501299400000001	6.543832	6.484488	5.753862000000001	6.992365400000001	5.664208	6.2519383	3.6040883000000004	6.0114193	6.201027	7.1936803	6.4973434999999995	6.2503589999999996	7.033643700000001	4.230409	5.871630000000001	5.0500765
IGHV3-73	2.6644973999999997	1.8953143	1.3104153	0.7991509	1.0704504	3.4208817000000002	3.2898623999999996	0.0	1.4276745000000002	1.3951445	0.0	0.17644595	0.0	0.0	0.0	4.4542017	1.3951445	2.060053	5.4366699999999994	0.11116745	0.0	0.6600121	0.20175661	0.2987822	2.4060422999999997	0.59464574	0.6781482	0.0	0.0	0.18916444	1.5059485000000001	4.6004744	3.4114553999999995	1.0215281999999999	3.0858182999999997	2.3045709999999997	0.33353373	2.9297671000000003	1.1699992000000001	0.8560810999999999	0.9260758	0.097748086	0.124459624	0.7049559	2.1985368999999997	5.418892400000001	0.7049559	1.8359431	2.4195275	1.1699992000000001	1.0286552	4.3638606	0.0	0.7049559	0.7049559	0.0	0.54605496	4.291357499999999	3.3631544	2.4462585	4.1827364000000005	0.17644595	1.8156192	0.62302387	1.8600012	0.38968015	0.28699607	0.2987822	0.0	0.0
MARCO	1.3219714	7.5430493	1.2928126	0.028709901	1.4542183000000002	2.0669782	1.9184216	0.0	2.978198	1.2928126	1.182776	1.929841	0.0	0.0	0.11116745	1.2750628000000002	1.7697916	0.94119436	0.26316009999999995	1.8480612	3.2032545	0.014497611	0.44372052	0.20175661	2.2779882000000002	0.76562524	0.38968015	1.8600012	0.028709901	0.124459624	4.5341907	3.3645992	3.5643952000000003	2.250979	0.45428359999999995	4.972265	0.887589	0.73994064	0.45428359999999995	0.6323526999999999	1.4060217	0.6041816	0.32205167	5.3344727	5.3652983	0.59464574	0.46478304	5.4512279999999995	0.6691063	0.7571259	1.2690823999999998	1.4115105	0.33353373	3.8914511	0.78250456	0.25107563	1.0000511	3.1026838	0.35624728	6.6635884999999995	3.0755882000000003	0.44372052	1.9107777	0.07052474	1.5753416	1.0841396	0.2751237	0.6041816	0.18916444	0.26316009999999995
CDK1	3.2295833	1.2869579	5.1803093	2.1635296000000004	1.9145979	4.3247824	6.4025397	3.471203	4.632322	4.5077915	4.9188540000000005	1.5410503999999998	5.3269634	6.0170307	5.9097767	1.2016847	5.875758	5.143662	3.9781873	2.2079334	3.1209915	5.032526	5.4640303	3.003641	5.9143004	5.6299057	4.071297	5.570456	0.7049559	5.927676	4.795461	5.709021	5.9936996	6.163944	5.481918299999999	5.2972307	4.758653	5.5894504000000005	4.7398777	6.2041835999999995	2.1177437	4.7098565	0.89538705	3.9754715	4.5428996	5.9134154	5.719714	5.705196	5.305223000000001	5.1497839999999995	4.3391333	4.5404105	6.2534184	5.989861	5.1263676	6.8127785	5.8582635000000005	4.7991247	6.223618	3.7980342000000005	6.9286804	4.411474	5.6630316	5.577701	6.370823000000001	5.421236	5.527004	7.11861	5.260403599999999	6.0391865
SOX10	0.0	2.201667	3.8430114	0.0	7.665815400000001	2.8094308	0.0	0.65087	1.1111153	1.7005076000000001	0.26316009999999995	0.0	3.8480358	0.0	0.0	7.217319	0.40063623	3.4828546	3.8399413	5.9154800000000005	0.0	2.3277528	0.34494959999999997	4.2218895	0.71378523	0.0	0.11116745	0.0	0.43305513	0.0	0.43305513	1.5509181	0.014497611	0.72254187	0.08420307	0.042784035	0.76562524	0.05672351	0.15068647	0.0	0.0	0.0	0.33353373	0.17644595	0.0	0.11116745	0.0	1.6041348	0.0	0.23891501	0.7991509	0.0	0.0	0.07052474	4.697643299999999	0.0	0.042784035	1.1954168	1.5008324	0.21424463	0.0	0.78250456	0.042784035	1.1310111	0.34494959999999997	0.2751237	1.8278862	0.08420307	0.7908371	3.1143548
IGHV1-3	0.0	4.22577	0.0	1.5704931	2.361813	4.2047644	2.8197267000000004	0.0	0.22663648	3.3074725	0.0	0.0	1.4168863999999999	1.1506448999999999	0.0	2.0908759999999997	0.7571259	7.109376400000001	0.0	0.43305513	0.0	0.0	0.0	0.43305513	0.9782476000000001	0.0	1.1891136999999998	0.0	0.0	0.0	1.2869579	2.313273	3.3533165	1.4168863999999999	0.0	0.13763218	1.0773331	4.252478	1.3045712	0.49579449999999997	0.20175661	0.0	4.121861	0.11116745	6.740939	3.0072305	0.0	2.0738373	0.6136315999999999	0.7485361999999999	3.1209915	6.0900164000000006	0.0	1.2079737	0.0	0.0	0.0	1.4060217	0.0	4.25172	4.87971	0.0	1.8278862	0.7485361999999999	2.2898313999999997	0.5361526	0.0	0.0	0.76562524	0.35624728
KIF2C	2.687107	1.0072758	4.320507	1.4906301000000002	0.9260758	4.248688	5.3501763	1.636943	4.021502	5.5897445999999995	4.5077915	1.5993719	4.469285	5.164753	5.0526953	0.54605496	5.2611833	4.71861	3.2063751	3.4607427000000004	3.2705736	4.287657299999999	5.2559237	2.989119	4.6809173	4.014371	4.871403	5.4025846	1.4436299	5.0548286	4.507122	5.2638125	5.8055053	5.216497400000001	4.99725	5.2924557	3.9212252999999997	4.8943005	4.8688917	5.568596	1.1954168	4.6421123	0.71378523	4.104335	3.5059116	5.6693052999999995	4.641536	5.075105000000001	4.7559566	5.0913129999999995	3.6836736000000005	3.900127	5.148909	5.060067	4.469285	4.807899	5.415865	4.3125279999999995	4.920305	3.2387896	5.577113	3.9030194	4.99725	5.033883	5.639215	5.256605599999999	5.0874305	5.0013190000000005	3.8550169999999997	4.885120400000001
PRSS12	5.4438996	0.15068647	0.887589	0.3786144	3.9532883	0.40063623	3.053134	1.4594975000000001	0.59464574	1.0909218	1.0704504	1.2016847	1.049722	0.5361526	5.3764234	1.9373734	0.34494959999999997	2.9030432999999998	0.83196074	0.48553726	2.292776	2.6690476000000003	0.9635396999999999	1.9818863000000002	4.2816795999999995	5.231875	5.0206027	2.961621	4.0347385000000004	0.8400183000000001	0.9635396999999999	1.2141696000000002	0.5656918000000001	0.6323526999999999	0.80744386	0.6691063	1.049722	0.45428359999999995	0.80744386	0.46478304	0.07052474	5.469601	3.0755882000000003	0.49579449999999997	1.5509181	0.7908371	1.6870991000000002	0.80744386	0.34494959999999997	1.526119	4.6752477	1.0976788999999998	1.1635615	0.78250456	0.4751773	5.053083	2.7485106	0.83196074	1.0144353000000002	0.4751773	0.3674849	1.0000511	1.3562181	1.7991133000000001	1.0286552	3.8298974	0.44372052	4.7959437000000005	5.680875	6.8265557
CUX2	3.9800608	0.21424463	0.94119436	0.45428359999999995	0.50599486	0.5161281	0.90309465	0.3786144	0.46478304	2.5582678	3.3533165	0.9108029000000001	0.2987822	0.42232955	1.4751447	0.18916444	0.28699607	1.3219714	0.5361526	1.9069613	1.4751447	4.6017209999999995	0.28699607	2.6576767000000006	0.33353373	4.161861	2.3219886	2.6415339	1.2928126	4.241867500000001	2.2110689999999997	1.718147	2.7949514	0.50599486	0.45428359999999995	2.6848261000000004	2.7761395	0.46478304	0.42232955	1.6690792	0.31045547	3.5945456	1.0357134	0.6136315999999999	2.7655543999999996	3.3603556000000006	2.3277528	0.2987822	0.9260758	0.43305513	3.3590019	0.9709230999999999	3.9088062999999993	0.18916444	2.704869	5.2589426	2.5410169999999996	2.1985368999999997	0.6136315999999999	0.3674849	1.7655522000000001	0.5161281	0.9635396999999999	2.4854136000000002	0.58506453	3.2824125	0.124459624	0.94119436	1.2141696000000002	0.9108029000000001
APLN	1.8197037	1.8875689999999998	1.8073926	1.1764042	2.4329605	0.40063623	3.5084655	2.9355035	1.7137631000000002	3.1858823	0.7485361999999999	1.6736089	0.8797943000000001	0.8560810999999999	2.0669782	1.1243893999999999	1.4222745	1.6461880000000002	0.9855609000000001	2.6017451	5.273553400000001	3.1226732999999998	3.1375563	0.8640384	1.2810018	3.1890876	2.807373	1.6041348	1.8319125	4.1227093	2.1043677000000005	1.3562181	0.8797943000000001	1.5008324	0.94119436	1.6599708999999998	4.80221	1.2928126	1.3219714	1.9069613	3.4815794999999996	1.8560168999999997	2.0635524	2.0072117	4.272006	2.292776	1.3951445	2.201667	0.9336372	0.65087	1.6276582	0.4751773	5.015272	2.531084	1.7655522000000001	1.1177393	1.7355311999999998	1.5310872	1.6781452000000001	1.2203858	0.9635396999999999	1.3896316999999998	1.5509181	1.5993719	1.6645558999999996	4.127611	1.7398738	4.260818	2.111051	1.7740363000000001
IGHV3-49	1.9449196	0.46478304	0.0	0.22663648	2.1408155	2.9279428	3.3895449999999996	0.0	2.4880432999999997	1.7093155	0.0	0.32205167	1.182776	0.0	0.32205167	4.276463	2.0840685000000003	0.23891501	2.0286055	0.17644595	0.0	0.99286234	0.0	1.6461880000000002	2.2660909	0.59464574	0.8480885	0.41153392	0.15068647	0.83196074	0.49579449999999997	2.8894502999999996	5.555773	8.667648	1.182776	4.161105600000001	0.17644595	2.4905915000000003	2.1505704	0.9709230999999999	0.0	0.0	1.8991928	0.0	3.5509427000000002	3.6194236000000006	1.3841318999999999	2.7026677	2.5509644000000002	2.176366	2.5459888	3.7235608	0.0	0.89538705	1.1699992000000001	0.18916444	0.3786144	0.76562524	3.0215151000000002	3.3659537000000004	4.078069999999999	0.82382965	2.1310024	0.73994064	2.1985368999999997	0.08420307	0.18916444	0.42232955	0.0	0.0
IL1RN	1.2388668999999999	5.937316	3.5897763	0.48553726	0.90309465	0.5656918000000001	2.9297671000000003	0.13763218	1.5509181	1.2570579	2.111051	0.9184638	1.182776	0.097748086	0.6691063	2.2957224999999997	0.8480885	0.6600121	0.5656918000000001	1.526119	3.2249380000000003	0.31045547	1.5993719	1.2750628000000002	2.4329605	0.32205167	1.1506448999999999	2.4329605	0.9336372	0.22663648	1.883629	0.52618414	0.887589	3.2735322	0.07052474	4.6524816	1.7093155	0.76562524	2.2079334	3.1375563	0.65087	0.11116745	0.43305513	6.4479065	4.2629985999999995	0.90309465	0.50599486	1.0773331	1.3729870000000002	1.1243893999999999	1.2327062	1.2265648999999998	0.64164835	0.3786144	1.7049433	0.6960961999999999	0.20175661	0.41153392	2.361813	2.166716	0.6960961999999999	0.33353373	3.0840537999999995	0.16362981	2.5921442999999997	1.4957263	0.124459624	0.41153392	1.8237927	0.18916444
GZMB	3.6769426	8.258515	2.650778	2.2986703	3.9918660000000004	2.2079334	1.7740363000000001	0.6960961999999999	1.5410503999999998	2.2779882000000002	0.55591464	1.7570888	1.9184216	1.0773331	0.13763218	7.5601573	1.1570913999999999	1.1699992000000001	2.5533702000000003	1.4276745000000002	2.6206496	0.5161281	0.9184638	1.2570579	2.2448986	0.44372052	1.182776	1.2570579	2.7290382	1.6781452000000001	1.1764042	1.7613178	2.3840897	5.205988400000001	2.5969849	5.9578776	1.9373734	2.6392662999999996	2.0286055	0.7312613	4.4255830000000005	2.8519787999999995	4.593955	1.8319125	1.7697916	2.7114766	1.2570579	1.7907819999999999	1.3618348	1.33921	1.7527944	2.9088502	0.49579449999999997	1.1375494	2.3305569	0.6136315999999999	0.26316009999999995	1.2987429	2.1440650000000003	1.6276582	1.4699608999999998	1.5898027	3.9800608	1.400608	2.6599494999999997	0.4751773	0.90309465	0.07052474	0.0	0.0
GABRP	0.05672351	0.5754108	2.6299522	1.3162155	0.2751237	0.22663648	0.82382965	0.042784035	0.45428359999999995	1.3896316999999998	1.6599708999999998	2.2868881	1.2141696000000002	3.2824125	0.23891501	1.3674041000000001	0.55591464	3.4501991000000003	0.6600121	4.22577	3.5460038000000003	1.3896316999999998	3.7634456	0.72254187	1.6645558999999996	0.07052474	0.16362981	1.9030752	0.42232955	0.042784035	0.20175661	0.5161281	0.26316009999999995	0.7908371	0.9561472	0.5161281	3.533572	1.1570913999999999	0.43305513	1.3219714	1.1243893999999999	1.5801983	0.32205167	0.40063623	0.22663648	1.5310872	0.40063623	1.4906301000000002	0.42232955	0.05672351	0.28699607	0.58506453	4.2816795999999995	3.139152	0.42232955	1.5898027	0.042784035	1.4699608999999998	0.3674849	0.7991509	0.25107563	0.28699607	0.13763218	4.1707377	1.182776	0.124459624	1.4115105	0.65087	0.05672351	0.07052474
OTOF	0.83196074	1.3618348	2.275051	1.3562181	2.8816669999999998	0.41153392	3.249435	1.989139	0.18916444	1.0286552	0.097748086	0.21424463	0.8156711	1.1177393	4.327728	1.5008324	0.5361526	4.4969897	1.5849965	0.5361526	1.7137631000000002	0.042784035	0.52618414	0.73994064	4.8384805	0.28699607	0.20175661	0.89538705	2.275051	1.9855485000000002	0.9486982	0.64164835	0.26316009999999995	2.0143566	1.2869579	1.0841396	3.5557915999999996	0.5656918000000001	0.6691063	1.1635615	0.9561472	5.3743739999999995	5.039991400000001	0.35624728	1.6041348	1.4168863999999999	2.4436457000000003	0.42232955	2.9183917	1.1891136999999998	4.6004744	1.1570913999999999	1.1243893999999999	2.6667721	0.52618414	0.097748086	0.014497611	0.55591464	0.9855609000000001	1.5607548	0.25107563	0.8640384	3.0321317000000003	1.5946169	2.3248699	1.0144353000000002	1.0841396	3.5397866000000002	4.7782089999999995	4.212616000000001
NOV	0.64164835	7.260332000000001	3.4944242999999995	1.9709185000000002	6.4315963	3.0496159	0.3786144	0.7049559	3.0426714	2.5459888	1.7355311999999998	1.2449315	5.306295400000001	1.6508208999999998	0.25107563	4.962584	2.0286055	2.4356506	3.7623339	4.1243114	1.5410503999999998	1.929841	1.3841318999999999	5.10306	2.5210828999999997	1.2016847	1.2016847	0.25107563	1.1635615	1.0909218	1.2510145000000001	2.759159	1.6870991000000002	1.608838	2.121055	1.4330235	3.0652797	1.2016847	1.3785836	2.3646336	2.2079334	1.8440174999999999	2.0000036	2.3391377999999996	2.1276843999999997	1.5656528	0.89538705	2.281006	0.80744386	1.0144353000000002	0.87191325	2.4462585	1.7740363000000001	2.9297671000000003	7.0844603	1.7782153000000003	1.2987429	2.548476	1.6135489	1.4854795	0.82382965	1.4115105	1.5704931	1.9449196	1.9184216	1.8719058999999998	2.1603448	1.3045712	0.90309465	3.4995286
FOXC1	1.718147	4.619464	3.0823777000000003	2.7991471000000003	2.4854136000000002	0.55591464	0.40063623	1.1243893999999999	1.0566703000000002	0.23891501	2.2868881	1.6870991000000002	1.3219714	0.2751237	2.899232	2.3978515	0.9108029000000001	1.5946169	1.4699608999999998	3.1683583	2.361813	3.5435347999999998	0.7485361999999999	1.6645558999999996	1.6553924999999998	1.8480612	4.2334385	0.31045547	0.9561472	0.6871335	1.8679093	0.77407175	0.77407175	0.7908371	0.54605496	1.8914397	1.0841396	0.7312613	0.58506453	0.6136315999999999	1.1635615	0.50599486	0.6323526999999999	3.7147815000000004	1.1635615	0.40063623	2.1342453999999997	0.8480885	0.2987822	0.3674849	0.46478304	0.62302387	0.64164835	0.7908371	2.2898313999999997	5.127242	0.17644595	1.0427017	1.0841396	0.9855609000000001	0.65087	0.40063623	1.1375494	0.73994064	1.2987429	0.99286234	0.6136315999999999	1.3162155	0.18916444	0.5754108
BAG3	3.4763904	6.5617394	5.107235	5.8285885	5.4372563	1.6915852999999998	2.7247077999999996	2.9355035	3.1457145	2.6299522	3.2898623999999996	3.3673987000000003	3.2764916	2.0391898	5.0053883	4.533616	2.2539822999999997	2.757028	3.9259896	4.5279713	6.701417	1.875834	2.5059025000000004	3.1243557999999996	2.7676876	3.111082	2.0356338	1.9818863000000002	2.990955	2.176366	4.4705267	2.9279428	2.6576767000000006	3.3074725	2.3074434	4.148929	3.5260816	2.4005265	2.1440650000000003	3.3505199999999995	4.818605000000001	2.4462585	2.4828672000000003	6.788201299999999	3.1243557999999996	2.1276843999999997	2.1827579	3.003641	3.3190758000000002	1.636943	3.1731594	2.4828672000000003	2.6392662999999996	2.899232	3.6461797	3.5897763	1.8359431	2.9523847	2.3191085	2.906943	2.4515689999999997	2.6111912999999998	3.7115480000000005	2.275051	3.6668047999999995	2.8319256	3.0461872000000003	3.4867706	3.6949286	1.8278862
RHBG	3.1985302000000004	0.23891501	3.3631544	1.4115105	0.50599486	3.3826714	0.6136315999999999	0.08420307	3.2599998	4.663910400000001	4.2000356	2.6461546	0.26316009999999995	4.904932	0.7908371	0.5754108	3.3117886	0.48553726	0.58506453	0.18916444	0.9260758	0.46478304	4.3547277	0.42232955	0.7571259	0.62302387	4.441606	3.6426833	0.6041816	4.185099	3.4880459999999998	0.9635396999999999	3.9136610000000003	3.3305992999999994	0.20175661	5.1818657	3.3533165	0.58506453	0.48553726	1.4803389999999998	0.31045547	3.7147815000000004	0.13763218	1.7485055	0.8400183000000001	5.808157	0.9635396999999999	3.3190758000000002	3.5825336	3.072151	3.6206178999999996	3.9250555	3.285374	3.9088062999999993	3.5557915999999996	3.614739	5.419185	3.83185	4.036523000000001	1.7782153000000003	2.2296095	3.2675259999999997	4.5521845999999995	1.5607548	1.6276582	3.3377168	0.35624728	2.1243687	0.17644595	0.38968015
EPHA8	0.20175661	0.54605496	1.3277426	3.6690164	0.99286234	0.65087	0.8400183000000001	2.3334424	0.097748086	1.5607548	0.34494959999999997	3.8104758000000003	1.4489502	0.64164835	0.54605496	1.9782271	0.21424463	0.05672351	3.9809036	5.597873	0.7908371	0.17644595	0.83196074	1.9524055	0.6600121	3.211013	0.18916444	0.54605496	3.5020814	0.65087	0.45428359999999995	0.20175661	0.21424463	1.3618348	1.3219714	0.5754108	0.52618414	2.5969849	3.218777	0.6323526999999999	4.996379	1.6229928	3.7474256	0.124459624	1.9449196	1.0144353000000002	0.18916444	0.8797943000000001	2.3757667999999996	0.6871335	1.2079737	0.5161281	0.78250456	0.4751773	0.3674849	0.9336372	2.2448986	0.62302387	1.4647238	3.5570726	0.13763218	0.22663648	0.64164835	0.40063623	0.62302387	1.0704504	1.4436299	0.11116745	2.032156	0.52618414
KIF11	1.9336054	0.35624728	3.214136	0.9855609000000001	0.99286234	2.2600729999999998	4.3154726	1.8359431	3.2295833	3.6598964	3.5059116	0.82382965	3.699359	4.537923	4.1650715	0.4751773	4.674094	3.7718781999999997	2.618221	1.4330235	1.8197037	3.6690164	3.8328729	1.875834	4.1366644	4.0329546999999994	2.704869	4.0417824	0.40063623	4.1755557	3.2794517999999995	4.229557	4.196159	4.359674500000001	4.006304	3.9504821000000003	3.2780166	4.3168974	3.3001022000000004	4.655362599999999	1.1044103	3.111082	0.5161281	3.2972269999999995	3.207891	4.1301575	3.5534127	4.009868	4.1802793	3.7235608	2.7949514	3.2357497000000004	4.3554889999999995	4.3547277	3.17476	4.6105433	4.2063723	3.3909926	4.5837946	2.3868396	5.4433136	2.8540468	3.7365991999999997	3.5435347999999998	4.4963207	4.0250688	4.067817	5.3465667	3.7591845999999998	4.7360277
HEPH	0.6600121	3.6334855999999998	2.7092732999999996	1.7527944	5.323746	1.1506448999999999	1.7093155	0.887589	1.8073926	1.7782153000000003	2.0072117	1.2327062	2.4168446	0.8560810999999999	1.0635976	4.289839700000001	1.5410503999999998	1.7398738	2.31615	3.5410663999999996	1.7949808	1.5410503999999998	1.400608	3.1953225	2.1342453999999997	2.1570847	0.87191325	1.0427017	1.6041348	1.0566703000000002	2.5753107	1.8520371	1.5410503999999998	1.2928126	1.4115105	2.1858785	1.5410503999999998	1.2750628000000002	1.4906301000000002	0.9782476000000001	1.7311942999999999	1.8560168999999997	1.1375494	3.4607427000000004	2.1043677000000005	1.2449315	0.80744386	2.003606	0.90309465	0.6871335	1.0841396	1.3562181	1.438321	1.5607548	3.7093312999999997	1.2690823999999998	0.44372052	2.1276843999999997	1.2016847	1.6915852999999998	1.4115105	1.0427017	1.6870991000000002	1.3277426	1.1177393	1.4489502	1.3841318999999999	0.50599486	1.0357134	0.9782476000000001
TNFAIP8L3	0.50599486	4.963455000000001	3.3205156000000002	0.7991509	4.0205636	0.887589	2.189079	0.62302387	1.8197037	0.3786144	1.438321	1.0072758	0.80744386	0.6781482	0.014497611	2.6915857999999995	1.7049433	1.2079737	0.71378523	2.0072117	0.34494959999999997	0.5361526	0.3674849	1.0144353000000002	2.4329605	0.64164835	0.58506453	0.3674849	0.34494959999999997	0.8156711	0.43305513	1.4489502	1.4276745000000002	0.9108029000000001	0.64164835	0.83196074	0.9561472	0.90309465	1.2810018	1.0072758	1.1699992000000001	1.0144353000000002	1.3951445	1.5558652	1.1891136999999998	0.5656918000000001	0.9260758	1.2750628000000002	0.3786144	0.80744386	0.80744386	1.2203858	0.42232955	1.1310111	1.6960089	0.5656918000000001	0.59464574	2.121055	0.78250456	2.3978515	1.5656528	2.4356506	1.8600012	0.5656918000000001	0.9709230999999999	0.26316009999999995	0.9635396999999999	0.9184638	0.4751773	0.31045547
RPS4Y1	7.9223539999999995	8.329288	8.421011	7.5141067999999995	0.54605496	0.0	6.956552	0.07052474	6.7507470000000005	0.0	6.375565	8.469972	0.17644595	0.0	0.0	0.0	0.0	0.0	7.0786036999999995	8.307557000000001	8.297787	8.177986	8.625455	0.0	8.731096	0.0	4.788714	0.124459624	7.884015	0.042784035	6.4521565	0.0	1.1441122	0.35624728	6.3166970000000005	6.304848000000001	6.194911	0.0	7.3548326	5.5394296999999995	7.3242226	0.41153392	0.0	7.7333894	0.042784035	0.0	5.6630316	0.0	0.042784035	0.08420307	0.0	0.11116745	5.1638775	6.4677773	8.273166999999999	7.5953726999999995	4.951841	6.8542122999999995	5.340227	0.0	0.0	5.7912655	7.720451	7.6117883	5.7308984	0.0	6.930862400000001	6.828439	0.0	0.13763218
NUSAP1	4.0686636	1.8639895	5.3722267	2.4060422999999997	1.6826189999999999	5.8220067	5.967619	3.1408367000000004	4.730638	6.825069	4.9063826	2.9107578	5.8850975	6.247892	5.834189	1.049722	6.3406954	6.5546155	4.7419953	3.1358721000000003	3.8629315	4.9231095	5.7678986	4.8439817000000005	5.6461725	6.2394050000000005	5.340227	5.6302	2.1243687	6.453837999999999	4.975944	5.9943886	6.3870263	6.6857695999999995	5.9523673	6.3812957	5.413814	6.1931353	5.85276	6.6553707	2.8699182999999997	5.1699057	1.4803389999999998	4.7739697	5.475759500000001	5.9975385999999995	5.534830599999999	5.967422	5.887260400000001	5.426315	4.793919	5.2346005	7.0658984	6.3314114	5.1627116	6.5055523	6.2248019999999995	4.8535385	6.535126	4.1317606	6.9396895999999995	4.716494	5.531406400000001	6.2926054	6.827151	6.30396	6.036527599999999	7.1913958	5.257385	6.1643386
ASPM	1.641562	0.21424463	3.4969761	0.58506453	0.5754108	2.720295	4.2539945	0.83196074	2.8699182999999997	2.9260318	3.3603556000000006	0.59464574	3.1731594	4.742573	3.4660172	0.2987822	3.471203	3.533572	2.0875093999999996	1.0144353000000002	1.4060217	3.0652797	4.3909907	1.5210948	3.7430756	4.797004	3.8688931	3.5410663999999996	0.2751237	3.799055	2.906943	3.7474256	4.2787394999999995	4.0661244	3.8590202000000007	3.4607427000000004	2.759159	3.2809769999999996	3.6111572	4.424915299999999	0.7312613	3.1177167999999997	0.13763218	2.4249787	2.9373294999999997	4.3799453	3.7474256	4.176311	3.6438794000000003	3.6076682	2.2479775	3.0993264	4.7850513	3.8011904000000003	3.4541974000000004	5.9549255	5.2206817	3.853993	4.1554413	2.0566328	4.9662623	2.4803216	4.5434737	4.038307	4.2698245	3.8718746	3.6904072999999995	4.5428996	3.4931483	3.9117002
PTX3	1.3505546	6.441975	3.4660172	1.1177393	3.7060065000000004	0.72254187	1.3277426	1.1699992000000001	2.0461588	0.7571259	3.072151	2.1635296000000004	1.6461880000000002	1.049722	0.6041816	2.833903	1.2141696000000002	0.9260758	1.6870991000000002	2.6576767000000006	1.2327062	2.448954	1.1177393	1.0072758	1.0635976	0.77407175	3.5373187000000006	0.6600121	1.0841396	0.73994064	1.4489502	1.5110093	1.6461880000000002	2.0000036	0.78250456	3.3977800000000005	0.59464574	0.77407175	1.2449315	1.526119	0.32205167	2.4905915000000003	1.636943	4.5191707999999995	2.1954083	0.80744386	1.2690823999999998	2.1473167	1.0909218	0.42232955	2.848016	0.887589	1.8319125	0.7485361999999999	3.3964220999999997	1.0976788999999998	0.77407175	1.4168863999999999	0.89538705	1.4957263	2.8679327999999997	0.9260758	2.6937842	1.6461880000000002	2.6346498	3.3348334000000004	0.7908371	1.9030752	0.6323526999999999	0.6960961999999999
ESPL1	3.0267782000000003	0.44372052	4.0591669999999995	0.82382965	0.3674849	3.900127	4.504637000000001	0.49579449999999997	3.22342	6.1055856	3.2295833	0.71378523	3.8298974	4.371568700000001	3.4475646	0.33353373	4.009868	4.05052	2.978198	1.2750628000000002	1.6690792	3.5945456	4.2000356	1.9336054	4.3348556	3.6904072999999995	4.4189086	3.5311053	0.22663648	4.9269776	3.6403835	4.37509	4.517258	4.473774	3.9764078	4.6299224	3.8084326	4.216495	4.1333637	4.3991823	0.82382965	3.4222422	0.124459624	3.5957382000000004	3.5534127	4.8455257000000005	3.673532	4.556398000000001	4.015215	3.952353	2.4646602000000004	3.1731594	4.838963	4.406708999999999	3.377157	4.485427400000001	4.9982195	3.8001690000000004	5.0591935999999995	2.2957224999999997	4.556398000000001	2.6803508	3.8145629999999997	4.2645154000000005	4.716974700000001	4.4905870000000006	3.9690106	4.157896	2.9411563999999997	3.2615225
FGF10	1.3277426	0.55591464	0.08420307	0.23891501	2.0426729	1.8600012	0.0	0.0	0.11116745	0.0	0.18916444	0.34494959999999997	0.48553726	0.0	0.014497611	1.1570913999999999	4.762891000000001	0.08420307	1.6599708999999998	0.48553726	0.0	2.704869	0.9855609000000001	1.7485055	0.7485361999999999	0.7485361999999999	1.6870991000000002	0.0	0.17644595	1.2141696000000002	0.0	3.6576862	0.4751773	0.62302387	4.161861	2.9745312000000004	5.2342114	0.05672351	0.17644595	2.0461588	0.042784035	0.0	0.42232955	0.5754108	0.014497611	4.8176403	0.08420307	0.73994064	4.6206154999999995	1.8480612	2.8359669999999997	1.1177393	0.0	2.0531387	0.15068647	1.636943	1.4647238	0.65087	3.1293151000000003	3.4073784	5.929348	2.189079	0.28699607	0.014497611	4.198523000000001	0.014497611	4.512859	2.3334424	1.8197037	2.0250578000000004
ITGA2	0.8480885	2.8298626000000002	1.9411447	0.8480885	3.6621989999999998	0.43305513	1.2265648999999998	0.7991509	0.73994064	0.8640384	0.7571259	0.49579449999999997	1.5704931	0.71378523	1.7824702000000001	2.5849729	0.73994064	1.0215281999999999	1.3896316999999998	1.9598305	1.2810018	1.3045712	1.2449315	1.182776	2.1243687	2.4620397	1.1177393	0.40063623	0.9486982	0.43305513	0.6960961999999999	0.7049559	0.40063623	0.5754108	0.8480885	0.72254187	0.89538705	1.2510145000000001	0.46478304	0.77407175	1.0144353000000002	1.2631196000000002	0.887589	1.6690792	1.0704504	0.9486982	1.1506448999999999	0.71378523	1.0144353000000002	0.3786144	1.4957263	0.87191325	1.4542183000000002	0.78250456	2.722501	1.3162155	0.62302387	1.1243893999999999	0.6136315999999999	0.59464574	0.7571259	0.76562524	0.87191325	1.438321	0.7312613	1.4222745	0.62302387	0.9108029000000001	1.0286552	1.2203858
TTYH1	0.48553726	0.89538705	1.875834	0.55591464	6.533247	1.2141696000000002	0.64164835	1.4751447	1.0144353000000002	1.2449315	0.124459624	0.33353373	2.6392662999999996	0.28699607	0.76562524	5.5017676	0.5656918000000001	2.361813	3.0925262000000004	3.1309093999999997	0.41153392	0.9709230999999999	0.41153392	2.0391898	0.6323526999999999	1.4436299	0.32205167	0.20175661	0.7312613	0.80744386	0.8400183000000001	0.9635396999999999	0.9260758	0.5161281	0.32205167	0.34494959999999997	0.6871335	0.5656918000000001	0.43305513	0.40063623	0.46478304	0.35624728	0.58506453	0.54605496	0.4751773	0.8797943000000001	0.6960961999999999	1.0773331	0.43305513	0.44372052	0.9486982	0.8400183000000001	0.887589	0.7312613	4.1227093	1.9635481	0.34494959999999997	1.2016847	1.2141696000000002	0.40063623	1.049722	0.82382965	0.33353373	0.9561472	0.35624728	0.26316009999999995	1.6645558999999996	0.014497611	0.65087	2.2570662
IGKV2D-28	0.0	0.87191325	1.7442220000000002	2.0807064	2.3277528	0.0	0.0	0.05672351	2.1954083	0.0	0.0	1.6599708999999998	0.5754108	0.0	0.0	4.2265277	0.0	0.0	4.064337999999999	0.0	0.71378523	0.0	0.42232955	0.0	2.2720363	1.0215281999999999	0.0	1.1177393	0.0	0.72254187	0.0	2.4982425999999998	3.0338876	4.473105400000001	1.1375494	4.6299224	0.8480885	2.5582678	1.0976788999999998	1.400608	0.0	0.18916444	0.0	0.097748086	2.2203312000000004	0.9108029000000001	0.0	2.1440650000000003	2.0108203999999996	1.5110093	1.049722	3.0461872000000003	0.0	0.0	2.5993228	0.0	0.5161281	3.418162	0.0	2.7527682999999996	3.040914	0.0	1.7949808	0.0	2.1922037999999997	0.0	0.31045547	0.0	0.0	0.0
VTN	1.8991928	2.9183917	2.5582678	2.0391898	3.6028953	0.9561472	2.5873902	4.5084605	1.2928126	1.9222491000000002	1.5753416	2.0143566	1.9184216	1.9671944	1.4906301000000002	2.6713237999999997	1.3562181	1.2570579	2.5631685	3.9588084	4.2690660000000005	1.0566703000000002	1.0704504	2.4222932	2.3785129	2.0108203999999996	0.6600121	0.99286234	2.166716	2.0391898	1.6041348	2.0391898	2.4982425999999998	1.5993719	2.1985368999999997	1.996404	1.5753416	2.3191085	1.9709185000000002	2.5993228	3.7004666	3.058325	3.7441862	2.1077466	2.3391377999999996	1.608838	1.33921	1.8440174999999999	1.2928126	2.176366	1.0566703000000002	1.4803389999999998	2.2047992	1.6599708999999998	2.6111912999999998	5.7194199999999995	1.438321	1.618267	0.9855609000000001	1.618267	1.3334688000000001	2.2539822999999997	1.4957263	2.7506392	2.032156	1.5993719	2.5993228	0.44372052	1.4803389999999998	0.89538705
RGPD1	0.33353373	1.6553924999999998	4.4189086	0.77407175	0.59464574	0.097748086	0.0	0.07052474	0.6781482	0.0	0.31045547	3.0635187999999998	0.64164835	0.07052474	0.33353373	1.3162155	0.64164835	1.9486238	1.1506448999999999	2.3646336	0.124459624	0.15068647	0.49579449999999997	0.2987822	0.6691063	0.64164835	0.0	0.124459624	1.7527944	0.77407175	0.2751237	0.83196074	1.4330235	0.8400183000000001	2.6461546	0.49579449999999997	3.2780166	2.914574	1.5008324	0.90309465	0.0	0.18916444	0.13763218	2.0250578000000004	0.89538705	3.1489089	2.5921442999999997	1.6826189999999999	3.7071147000000004	0.26316009999999995	0.33353373	1.182776	0.6600121	0.4751773	0.5754108	0.32205167	0.21424463	1.2016847	0.83196074	3.0874949000000003	0.49579449999999997	1.2510145000000001	0.6871335	0.028709901	0.34494959999999997	0.2751237	3.6848729	1.8440174999999999	0.31045547	0.0
FRMPD1	0.8400183000000001	1.2141696000000002	0.42232955	1.0635976	2.2357514	0.35624728	1.2265648999999998	1.8797659	0.44372052	2.2570662	0.40063623	0.71378523	0.07052474	1.2388668999999999	1.1699992000000001	1.4060217	0.55591464	0.38968015	1.7485055	1.4168863999999999	1.2690823999999998	3.1521926	1.0000511	0.7571259	1.2265648999999998	1.0704504	0.9486982	0.43305513	2.1144347000000003	0.5161281	0.42232955	1.1310111	1.049722	1.0286552	0.78250456	0.5754108	1.1699992000000001	1.1177393	0.49579449999999997	1.1441122	0.9635396999999999	2.4956913	2.6893039	0.097748086	0.41153392	0.46478304	1.4594975000000001	0.3674849	0.097748086	0.90309465	2.4541852000000004	0.72254187	2.8032591	0.7485361999999999	0.76562524	0.2751237	0.32205167	0.8797943000000001	0.41153392	1.2327062	0.40063623	1.1375494	1.0773331	1.2631196000000002	0.8400183000000001	1.2016847	0.62302387	1.3162155	0.40063623	0.5161281
SLCO1A2	3.0755882000000003	0.6136315999999999	1.3841318999999999	1.1111153	0.08420307	0.9486982	1.2810018	0.89538705	1.2327062	1.9709185000000002	2.6848261000000004	0.0	0.58506453	4.2772217	2.0875093999999996	0.77407175	0.25107563	0.32205167	0.05672351	4.870341000000001	0.124459624	5.3673472	2.662223	1.7268628000000001	5.1035449999999996	0.042784035	0.2987822	2.2172682	0.64164835	5.243752	0.5754108	0.6600121	3.4528343999999995	3.8797028	1.3505546	2.6554046000000002	3.5373187000000006	0.73994064	0.08420307	4.0942583	0.13763218	2.9107578	0.43305513	2.179561	2.922211	4.014371	3.2047698	0.097748086	5.0535684000000005	1.3896316999999998	3.1160357000000003	2.1276843999999997	4.017936	1.875834	0.9336372	0.6871335	0.0	1.0072758	5.8703523	0.43305513	2.7949514	4.2629985999999995	0.042784035	0.0	1.049722	0.20175661	0.22663648	0.21424463	0.042784035	0.58506453
EXOC4	4.6780343	4.6352015	5.7800720000000005	5.6633260000000005	5.34764	4.4601192	5.545986	8.555535	4.9639387	7.122283	5.5226016	6.0988846	5.1155862999999995	6.4319916	5.980707	4.9986067	5.573197400000001	5.814344999999999	6.342473	10.132984	7.731398599999999	8.807819	6.187612000000001	5.4698944	6.292999999999999	6.521179	5.2953795999999995	8.046063	5.970866	5.622949	5.527004	5.689896	5.451912	5.361103	5.6188345	5.8102193	5.048331	6.017228	5.7920513	4.9694567	7.3028580000000005	7.1994405	7.077214	4.5509405	5.8760533	5.2539763	7.542750999999999	5.640979	5.7194199999999995	5.6530337	7.425807000000001	5.622949	8.32889	5.5713367	4.8017282	4.164316	5.0682160000000005	5.0591935999999995	6.434462	5.3572	5.9818883000000005	5.413423000000001	4.887053	6.964091000000001	5.2817373	5.5726094	5.2253532	7.41348	5.9936996	7.560456299999999
SLC17A5	1.7613178	3.220384	2.3016197999999997	2.3391377999999996	4.2117643	1.7398738	2.6276045	3.9011532999999994	1.8914397	2.5825560000000003	2.0635524	2.7845142000000003	2.4005265	1.9855485000000002	2.3045709999999997	3.614739	2.662223	1.3449053999999998	2.9467254	2.922211	2.1570847	1.883629	2.533566	1.9855485000000002	3.8529690000000003	1.6553924999999998	3.0089824	2.0976171000000003	3.1160357000000003	2.1603448	2.1077466	2.5607592999999995	2.201667	1.9222491000000002	2.5160465	2.2898313999999997	2.3277528	2.8012029999999997	2.6135337000000005	2.3868396	3.7224517	4.0338936	4.9841747000000005	2.5680728	2.5459888	1.9745712	2.4594207000000003	2.704869	2.166716	2.0875093999999996	2.8379455	2.533566	2.0391898	2.1276843999999997	2.698267	2.2326796000000004	1.6645558999999996	2.3016197999999997	2.1699827000000003	2.7026677	2.2868881	2.176366	2.6299522	2.7803257	2.1144347000000003	2.4114816	2.4409522999999997	4.3568206	3.1358721000000003	2.6576767000000006
SLC30A3	0.34494959999999997	0.58506453	1.1764042	0.8156711	0.54605496	0.21424463	3.2403097	0.014497611	1.618267	6.247399	3.8718746	0.38968015	0.3674849	0.0	1.8520371	0.65087	4.1945515	0.46478304	4.2047644	1.9782271	0.25107563	2.4276652000000003	1.2987429	4.650176999999999	1.049722	0.6871335	2.526123	0.0	2.4302716	3.8728062999999993	3.9059129	2.0108203999999996	0.7312613	1.049722	0.46478304	4.491255799999999	5.50969	0.7908371	0.48553726	5.1151976999999995	0.8480885	0.6323526999999999	0.43305513	1.0909218	4.969941	5.406002	2.0426729	4.91605	2.5993228	1.0976788999999998	3.7580730000000004	4.317562000000001	5.1222878	1.1699992000000001	1.2631196000000002	5.5326786	5.114324	1.6736089	1.7824702000000001	1.8278862	1.5059485000000001	2.9672017000000004	4.92456	0.13763218	2.518523	4.388229	0.4751773	0.33353373	1.1764042	4.112719
IL6	4.197671400000001	6.6033015	4.752778500000001	3.7886617	2.0942453999999997	0.45428359999999995	1.2327062	0.7908371	1.1243893999999999	0.0	5.038246	1.1243893999999999	2.5631685	1.3045712	0.33353373	3.0391572	2.3219886	2.313273	3.3132277	5.655974	1.7824702000000001	0.48553726	0.73994064	2.1009912	0.6691063	0.73994064	0.13763218	0.5656918000000001	0.54605496	0.07052474	1.5410503999999998	1.2631196000000002	2.0635524	2.4515689999999997	0.72254187	6.790381	1.33921	0.80744386	1.3841318999999999	1.0072758	0.6871335	0.26316009999999995	0.5361526	9.732096	3.4303150000000002	0.5754108	1.3896316999999998	1.9709185000000002	0.58506453	0.5361526	0.11116745	1.2449315	0.58506453	1.1044103	3.193808	0.48553726	0.5754108	0.8156711	3.9173962999999996	1.4060217	1.3334688000000001	0.94119436	2.978198	0.13763218	4.5674114	0.9336372	0.17644595	0.9855609000000001	0.6323526999999999	0.7049559
MET	2.8639631000000003	1.9486238	1.049722	1.33921	3.266092	0.5656918000000001	3.3575578	0.72254187	1.2016847	2.4803216	0.64164835	0.6136315999999999	1.618267	1.526119	2.650778	2.906943	1.5849965	1.2265648999999998	1.3562181	4.3547277	0.48553726	3.4208817000000002	0.6600121	0.46478304	3.0925262000000004	0.8560810999999999	2.55586	2.7355804	0.35624728	3.4568336000000004	0.7485361999999999	0.9635396999999999	0.77407175	3.3248365	0.6960961999999999	0.6960961999999999	1.3277426	2.3334424	0.71378523	0.43305513	0.52618414	0.41153392	1.0704504	2.980032	2.0179709999999997	1.5656528	4.055689	1.1177393	4.7070675	0.83196074	2.7092732999999996	0.59464574	3.2898623999999996	0.5656918000000001	0.64164835	1.3505546	0.08420307	1.0215281999999999	3.7388193999999997	1.2928126	4.1260085	2.5059025000000004	0.9855609000000001	0.54605496	0.7485361999999999	0.41153392	0.73994064	3.0617577999999996	1.9561163000000001	2.636916
ADRB2	0.097748086	1.2631196000000002	1.4854795	3.0738254	1.4168863999999999	0.76562524	0.7571259	0.07052474	0.46478304	1.3896316999999998	0.45428359999999995	1.7824702000000001	0.9855609000000001	2.1342453999999997	2.0108203999999996	1.3277426	1.4168863999999999	0.2751237	3.3659537000000004	1.1954168	1.0841396	0.05672351	1.4854795	1.3104153	0.59464574	0.15068647	0.2751237	0.3674849	0.8400183000000001	0.17644595	0.8400183000000001	1.3277426	0.9635396999999999	1.9184216	1.0072758	0.9486982	1.9709185000000002	4.1945515	1.7570888	1.3334688000000001	2.8972402	0.21424463	0.21424463	0.8797943000000001	0.50599486	0.31045547	0.7312613	1.0566703000000002	0.44372052	1.3104153	2.9392428	1.5509181	1.2987429	1.1177393	0.64164835	0.23891501	0.028709901	1.3219714	0.83196074	4.0356774	0.52618414	0.4751773	1.1044103	1.8032506000000001	1.1570913999999999	0.46478304	3.4316761	1.883629	0.54605496	0.65087
TMSB15A	6.2380238	1.6736089	6.839045	5.055701999999999	2.003606	7.2839789999999995	7.290636	4.916437	6.901011500000001	6.570447	7.029575	6.608942999999999	6.7246933	6.7586727	7.2370863	2.8894502999999996	8.062502	6.3797144999999995	5.971555	3.1985302000000004	5.4931626	6.0828233	7.294213	6.5114865	6.543931	4.4711947	7.149389299999999	7.806851400000001	4.5428996	6.6888394	6.986115	7.3044477	7.8589225	7.094585	6.791967	7.037414599999999	6.3575854000000005	7.722441000000001	6.512673	7.307030999999999	5.509983	6.6080527	3.3813150000000003	5.761518	6.20734	7.0431705000000004	6.7379675	6.9593296	6.847967	7.514305599999999	6.534335	7.174711	8.31922	6.881576	6.189782	8.006516	7.4070177	6.6186433000000005	7.594975	5.9490223	8.548554	5.7956843000000005	7.6350694	6.989587299999999	7.383061	6.7458925	7.665716000000001	7.119205	6.081543	6.8360715
HTR3A	2.8460355	1.7005076000000001	0.26316009999999995	0.9336372	2.1505704	1.5753416	1.0427017	0.52618414	0.23891501	1.2570579	0.49579449999999997	0.77407175	0.15068647	0.028709901	5.317993599999999	2.9107578	0.35624728	0.62302387	0.43305513	0.8640384	1.2570579	4.303792	0.32205167	1.33921	3.4343078	3.7430756	1.7866592000000001	0.5656918000000001	2.786652	0.23891501	0.80744386	0.8480885	1.3505546	0.5656918000000001	0.35624728	1.1111153	0.83196074	0.73994064	0.35624728	0.5161281	0.32205167	2.1043677000000005	4.7548976	0.31045547	0.50599486	0.028709901	3.7516837	0.42232955	0.22663648	0.26316009999999995	5.5594926	0.94119436	0.0	0.33353373	0.16362981	0.78250456	0.028709901	0.6781482	0.11116745	1.5310872	3.7856007000000007	0.8640384	1.9524055	0.28699607	0.32205167	1.4854795	0.6781482	3.7452042000000003	5.4449744	3.4383016000000004
F2RL1	0.48553726	2.1985368999999997	4.2615767	0.71378523	0.5656918000000001	1.0704504	0.49579449999999997	0.2751237	0.6871335	1.0215281999999999	1.9561163000000001	0.82382965	2.381341	0.25107563	0.46478304	1.1243893999999999	0.6600121	0.6691063	0.31045547	2.2570662	1.33921	1.33921	0.9782476000000001	1.2810018	2.2141287	0.80744386	0.6600121	0.6041816	0.6136315999999999	0.50599486	0.64164835	1.3045712	0.73994064	0.23891501	0.77407175	0.2987822	0.41153392	0.73994064	0.6781482	0.8640384	0.5656918000000001	2.226541	1.6276582	1.5849965	1.4542183000000002	0.9635396999999999	0.72254187	0.9486982	0.08420307	0.22663648	0.52618414	0.7312613	1.2449315	0.7991509	2.618221	1.0215281999999999	0.6323526999999999	1.9486238	0.77407175	0.49579449999999997	1.3618348	1.7137631000000002	0.8797943000000001	0.90309465	0.58506453	1.5753416	0.71378523	0.3786144	0.7312613	1.0357134
PRKD1	2.1408155	2.226541	0.6960961999999999	1.1177393	3.1810763	0.33353373	1.0841396	0.48553726	1.1506448999999999	0.6600121	1.2141696000000002	0.42232955	1.0635976	0.6600121	0.25107563	3.0338876	0.45428359999999995	0.73994064	1.2141696000000002	2.292776	1.2079737	0.5161281	0.71378523	1.0773331	1.3045712	0.9486982	3.4982522000000005	0.32205167	0.55591464	1.3951445	0.64164835	0.89538705	1.0286552	1.2141696000000002	0.41153392	1.1375494	1.1375494	0.7049559	0.83196074	0.64164835	0.64164835	0.99286234	0.40063623	2.1077466	1.3104153	0.55591464	0.4751773	1.1441122	0.32205167	0.3674849	1.0976788999999998	0.65087	0.9709230999999999	0.8400183000000001	2.1538265	2.9523847	0.77407175	1.1441122	0.64164835	0.9709230999999999	0.6323526999999999	0.46478304	0.7991509	0.7049559	0.58506453	0.6871335	0.8640384	1.8115393	0.35624728	0.58506453
ABCA8	1.2631196000000002	3.2524781000000003	1.8560168999999997	1.3334688000000001	7.6616364	1.0072758	0.3674849	0.13763218	1.9928074	0.7991509	0.89538705	0.8640384	1.6041348	0.64164835	0.65087	6.408568	0.9635396999999999	3.053134	2.8816669999999998	4.346929599999999	0.20175661	1.8197037	0.5161281	2.653049	3.4944242999999995	0.94119436	0.23891501	0.05672351	1.3334688000000001	0.20175661	1.0841396	2.3103974	1.8319125	2.7026677	0.7049559	1.7570888	0.33353373	1.0773331	0.6136315999999999	0.58506453	0.7571259	0.7312613	0.77407175	1.3277426	0.6136315999999999	0.80744386	0.31045547	1.8359431	0.16362981	0.77407175	0.5656918000000001	1.3729870000000002	0.83196074	2.021513	3.8217175	1.4854795	0.8640384	1.526119	1.5160798999999998	1.8278862	1.2016847	0.76562524	1.8797659	0.5754108	2.3701974999999997	0.49579449999999997	0.87191325	0.17644595	0.15068647	0.7312613
KIF20A	3.3448379999999998	0.3674849	3.6484803999999995	0.8480885	1.1111153	4.145721	4.406708999999999	1.5509181	3.3348334000000004	5.306003	4.6217666	0.9108029000000001	3.7634456	4.924076599999999	4.4154773	0.22663648	4.6229177	4.802692400000001	2.7761395	1.8914397	1.8115393	3.8206952000000003	4.849001	2.6758783	4.6187925000000005	4.8899517	4.071297	4.1554413	0.2987822	4.250204	3.7115480000000005	4.474442	5.4847535999999995	5.010330000000001	4.369475	4.505306	4.0746837	3.966296	4.1666765	4.9579379999999995	0.9782476000000001	4.017936	0.59464574	3.5825336	3.7048984	5.3774967	3.7322519999999995	4.5166845	4.563196700000001	4.586766000000001	3.3320407999999997	3.0993264	4.73006	4.501482	3.4699292	5.6473484	5.6802864	3.5311053	4.9150834	2.8135476	5.3248185999999995	3.1858823	4.1554413	4.27504	4.95097	4.974491	4.272764	5.170683	3.7591845999999998	4.6819744000000005
SMN2	5.1870203	4.134212000000001	4.719764700000001	4.3030324	4.304551999999999	4.344172	4.9387784	5.804229	4.671308	3.2448716	5.735216	5.1719475	5.667051	5.6255945999999994	0.9782476000000001	4.7697306	6.147675	5.9219713	3.1325932	5.7279553	5.7871413	4.905416000000001	4.936360400000001	3.844965	5.872809999999999	5.0259337	4.560707	5.725502	0.6871335	2.786652	5.746894	5.5852404	5.762303	5.600223000000001	5.3896003	3.730125	5.3222833	5.0733585	4.943906299999999	5.175934	5.512526	5.8787080000000005	5.577995	4.9873705	5.4292455	5.781054	4.501482	5.296451599999999	6.5772743	6.2534184	4.793919	4.846009	6.1793275	5.923643599999999	5.285732	5.2660527	5.102283	4.346264	2.3248699	0.22663648	5.1651416	5.205988400000001	6.268123999999999	1.5509181	5.8073716	6.321041999999999	5.563799400000001	5.917152	2.0072117	1.5210948
TGFB2	0.3786144	2.003606	2.7462974	0.65087	2.1731734	0.54605496	0.58506453	1.4699608999999998	0.5754108	0.87191325	2.1985368999999997	1.2510145000000001	2.0356338	0.9782476000000001	0.42232955	1.9855485000000002	0.72254187	0.6960961999999999	1.3104153	3.1489089	0.94119436	1.3562181	0.64164835	1.8953143	1.929841	2.6252575	1.5993719	0.16362981	0.6960961999999999	0.6041816	0.42232955	1.2690823999999998	0.7312613	0.5161281	1.6276582	0.87191325	1.0000511	0.9108029000000001	0.6136315999999999	0.6960961999999999	0.9336372	1.2631196000000002	1.5059485000000001	2.58014	0.6600121	0.73994064	0.6691063	1.2449315	0.8560810999999999	0.26316009999999995	2.9030432999999998	1.2265648999999998	0.90309465	0.64164835	2.7398314	3.6836736000000005	0.73994064	1.3104153	0.8156711	0.71378523	0.35624728	0.6781482	0.80744386	1.2570579	0.8480885	0.59464574	0.7485361999999999	1.5110093	1.6915852999999998	1.5160798999999998
LCN1	1.0286552	0.0	0.5161281	2.55586	0.042784035	4.0452585	0.46478304	0.13763218	0.124459624	0.18916444	0.22663648	4.2133727	2.0072117	0.0	0.07052474	1.5993719	2.9634519	0.042784035	5.5335589999999995	3.4356692000000004	1.2449315	0.0	0.40063623	0.0	6.078489	0.78250456	0.0	0.07052474	4.405279599999999	0.0	0.0	1.8359431	0.43305513	0.25107563	4.6915865	3.473842	5.9253160000000005	3.6415794000000004	3.4528343999999995	3.375711	0.49579449999999997	0.0	0.99286234	0.73994064	1.5849965	1.0704504	0.0	1.1375494	4.3154726	2.0704064	0.0	2.3248699	0.0	4.640384	2.3729412999999995	0.0	0.097748086	0.8560810999999999	1.8953143	3.4957001000000005	0.17644595	0.0	1.3045712	0.23891501	0.40063623	0.2987822	4.3147125	0.13763218	4.2816795999999995	1.5607548
AP5B1	0.9561472	3.4633799	1.7824702000000001	0.8640384	2.5084577	0.59464574	1.8032506000000001	0.22663648	0.9108029000000001	1.4957263	0.73994064	0.6960961999999999	1.4803389999999998	0.73994064	1.8073926	1.7782153000000003	0.73994064	0.62302387	1.3104153	1.6229928	1.0976788999999998	0.77407175	0.50599486	0.94119436	1.3674041000000001	1.1570913999999999	0.54605496	0.5656918000000001	0.72254187	1.4542183000000002	1.182776	1.6461880000000002	1.9069613	1.9260064	1.0909218	1.5410503999999998	1.0144353000000002	1.2327062	1.3841318999999999	1.0286552	0.7312613	0.6136315999999999	0.55591464	2.4436457000000003	1.9635481	1.0000511	0.80744386	1.4276745000000002	0.64164835	0.48553726	4.77079	1.4489502	2.8933442000000005	2.72683	1.6229928	2.6599494999999997	0.25107563	1.3785836	0.9709230999999999	1.4060217	1.641562	0.46478304	1.3505546	0.58506453	1.0144353000000002	0.6781482	0.90309465	0.38968015	0.40063623	0.5754108
BIRC5	3.8884665999999997	1.2869579	5.8306518	2.4828672000000003	0.8797943000000001	5.661365	6.907258500000001	1.7005076000000001	6.312155000000001	6.8544106	5.627064	2.55586	5.8579683	6.3600554	4.3052163	0.3786144	7.0455523	5.345201	4.4161444	2.358994	4.1317606	3.8166067999999997	6.719839599999999	3.9671383000000002	5.008586	5.6316695	4.6982203	6.0742519999999995	1.0566703000000002	6.461252	6.4027376	6.722514	6.186429	6.257169	6.754214299999999	6.5199924000000005	4.9541636	6.201027	6.107655	6.9592304	1.8156192	4.758653	0.72254187	6.287966	5.5882760000000005	6.436834999999999	4.8083816	7.113745	6.257958400000001	6.552637	4.0232854	5.154643	6.0738582999999995	6.6249785	5.6167774	6.470743700000001	7.355727000000001	5.5652676	6.428433	4.292781400000001	7.72682	4.7064900000000005	5.5888634	5.296451599999999	6.727764	6.3173885	6.743119	6.475885400000001	4.526058	6.348893
LIMS1	4.460788	6.1547737	6.6261660000000004	4.2311664	4.934522	3.112674	4.321172	4.1301575	3.4880459999999998	4.3052163	6.129043599999999	4.6258919999999994	4.2585435	3.2645686	4.465943299999999	4.1448717	4.223404	3.5801506	4.257785	5.241804599999999	5.749543	4.019719	3.7452042000000003	3.8409646	5.2310963	4.5090346	3.5185032	3.288336	4.116017299999999	3.418162	2.9763644	3.8807282	3.5059116	3.4263232000000006	3.752795	5.260403599999999	4.411474	4.569230999999999	3.5422550000000004	3.6028953	3.838918	3.9699470000000003	3.9827774	6.6726985	4.5722966	3.4776647000000005	3.9136610000000003	3.636888	3.8866017	3.0321317000000003	4.2986655	3.5692483999999998	4.106878	3.4396633999999997	4.1714934999999995	3.7844877	3.1537902	3.6803536	3.6747303	4.0686636	4.2156434	3.17476	3.7181077000000005	3.8309202000000004	3.3117886	3.8738312999999995	2.8757908	5.689602	5.304540599999999	5.2168865
IGHV2-26	0.65087	2.201667	0.55591464	0.9635396999999999	2.8278	1.4115105	1.989139	0.0	2.6040845	0.26316009999999995	0.0	0.21424463	1.0215281999999999	0.0	0.0	3.7071147000000004	1.7697916	0.5656918000000001	5.899157	0.13763218	0.0	0.0	0.46478304	1.6781452000000001	1.9260064	0.0	0.0	0.0	0.0	1.5753416	0.887589	2.0496476	4.1026397	1.4542183000000002	1.7485055	3.8278519999999996	0.28699607	1.6599708999999998	2.565662	1.2203858	0.0	0.0	2.0807064	0.0	4.300849400000001	4.6105433	1.4751447	1.2750628000000002	1.1764042	0.40063623	1.3618348	3.5813422	0.0	1.6276582	0.9184638	0.124459624	0.0	1.1699992000000001	2.9392428	3.0250237	4.2008867	0.5754108	1.4594975000000001	0.59464574	0.76562524	0.11116745	0.9260758	0.20175661	0.0	0.20175661
RAB34	3.7430756	6.51475	5.3359356	4.0746837	7.0230255	3.752795	4.3448377	4.663910400000001	4.274282	4.3611016	4.5109468	3.7048984	4.016153299999999	3.2570443	5.58103	6.136732	3.2570443	5.0188584	3.8166067999999997	5.366371599999999	5.716673	3.1077220000000003	2.9690335	4.3547277	4.1739497000000005	4.8394455999999995	3.1424327	3.5471926	3.266092	3.0125740000000003	6.366278599999999	3.9542239	3.9542239	4.294964299999999	2.757028	3.9097397000000003	3.6792474000000004	3.1602726000000003	3.6792474000000004	3.0426714	3.4803050000000004	3.9448705000000004	3.4289541	6.0662727	4.500144000000001	3.1342769	2.7718697	5.7694693	3.0548935	3.8529690000000003	6.268123999999999	3.6633961000000004	6.6828975999999995	3.8369648	5.3822794	6.302281	3.1060423999999998	4.187462	3.3575578	4.146476	3.4019443999999996	6.405801	6.038005	3.6621989999999998	4.536678299999999	5.682542	4.0008655	6.413509400000001	2.6438859	3.1683583
C18orf42	0.8640384	0.5754108	0.0	1.4222745	2.2600729999999998	0.48553726	0.7312613	0.124459624	1.2449315	0.8156711	0.43305513	1.3729870000000002	1.3951445	3.5020814	0.0	0.44372052	2.31615	0.40063623	0.44372052	0.7312613	0.20175661	2.7548977999999997	0.2987822	0.78250456	0.0	0.0	0.65087	0.22663648	4.464702	1.636943	0.20175661	1.7398738	1.5607548	0.23891501	4.0321093	0.64164835	3.2868998	2.3016197999999997	0.33353373	0.6871335	0.89538705	0.54605496	1.9709185000000002	0.7485361999999999	0.4751773	4.4315906	1.1891136999999998	0.5161281	4.157896	1.1243893999999999	3.3743550000000004	2.4462585	0.0	0.31045547	3.5655856	0.21424463	0.44372052	1.4489502	2.0250578000000004	1.5509181	2.7928972	1.0215281999999999	0.13763218	0.52618414	0.23891501	1.2928126	1.5361298	2.3016197999999997	1.5008324	0.0
MMRN1	0.46478304	2.2868881	4.01165	1.5059485000000001	2.9049497000000004	1.7268628000000001	2.8679327999999997	0.44372052	2.8738040000000002	0.33353373	0.54605496	0.42232955	0.9260758	0.52618414	0.028709901	0.9561472	3.6392794000000004	0.90309465	0.6691063	2.8953352000000003	0.124459624	1.2810018	0.08420307	0.62302387	5.1226764000000005	0.6781482	1.182776	0.32205167	0.43305513	0.89538705	1.6461880000000002	3.377157	4.025913200000001	1.0072758	2.8156068	0.7571259	1.9855485000000002	2.4956913	1.0976788999999998	2.226541	0.35624728	0.5361526	1.1570913999999999	0.4751773	1.2265648999999998	1.3505546	0.87191325	2.8777779999999997	0.49579449999999997	2.914574	0.6600121	3.5897763	1.0566703000000002	1.6826189999999999	1.1954168	0.42232955	0.014497611	3.9671383000000002	0.71378523	3.8125193	3.4607427000000004	1.2690823999999998	3.9088062999999993	2.0531387	1.0215281999999999	0.6691063	1.6508208999999998	0.40063623	0.5754108	0.20175661
CPNE6	0.76562524	4.388229	0.64164835	1.4803389999999998	4.240352	0.45428359999999995	0.45428359999999995	2.8560293	0.13763218	1.2928126	0.2751237	2.8599954	0.6323526999999999	1.1954168	0.21424463	3.699359	0.32205167	0.7312613	3.0687146	0.71378523	0.8480885	0.65087	0.13763218	2.9523847	1.5410503999999998	2.5160465	0.08420307	0.05672351	4.019719	0.9709230999999999	0.5161281	1.2449315	0.22663648	0.45428359999999995	0.9855609000000001	0.59464574	0.6600121	0.87191325	0.58506453	0.887589	3.7115480000000005	2.653049	4.7279434	0.28699607	0.44372052	0.52618414	0.2987822	0.28699607	0.48553726	1.2690823999999998	2.5631685	0.9108029000000001	0.83196074	1.0566703000000002	1.1044103	0.31045547	0.5361526	0.7991509	0.2751237	1.2079737	0.49579449999999997	0.7908371	0.13763218	0.3786144	0.6136315999999999	0.7991509	0.73994064	0.94119436	0.097748086	0.16362981
GRIN3A	1.0976788999999998	0.124459624	0.8156711	2.6667721	0.59464574	0.15068647	2.5728972000000003	0.124459624	3.7082229	1.4542183000000002	1.0000511	4.1650715	0.28699607	2.6111912999999998	0.11116745	0.5361526	5.063073999999999	0.26316009999999995	1.5110093	3.1243557999999996	1.7866592000000001	1.0144353000000002	1.0000511	0.7049559	0.8480885	0.13763218	0.99286234	0.32205167	2.0000036	5.046584999999999	1.6781452000000001	4.4501934	0.40063623	0.4751773	2.0286055	0.78250456	0.21424463	0.6691063	4.209493599999999	0.34494959999999997	0.35624728	2.032156	2.1505704	0.11116745	3.6123510000000003	1.4330235	0.44372052	0.3674849	1.8399782	3.7591845999999998	1.8560168999999997	3.2809769999999996	0.5656918000000001	1.3618348	2.9855356	0.65087	0.17644595	3.207891	0.3674849	2.5680728	1.8679093	2.0426729	0.21424463	0.5656918000000001	0.20175661	1.6461880000000002	1.6599708999999998	0.33353373	0.097748086	0.22663648
ABCB1	6.2568727	5.9694886	5.4147906	3.2570443	4.932201	1.8719058999999998	2.358994	6.0982933	1.3785836	3.4141739999999996	2.179561	2.9708657000000005	3.83185	1.9671944	5.6046309999999995	5.558905	1.1891136999999998	5.7082367	3.419522	3.3320407999999997	2.5993228	4.5904083	1.5210948	2.0108203999999996	5.597873	4.586766000000001	4.0755300000000005	5.6011050000000004	5.7207932	2.3391377999999996	1.7093155	2.4725273	2.55586	2.5631685	2.3305569	2.2600729999999998	1.6135489	1.7442220000000002	2.4905915000000003	1.2327062	4.5969267	5.849517	5.728446	2.2110689999999997	1.3729870000000002	2.0875093999999996	4.950486	3.150595	1.1954168	1.6461880000000002	4.2226467	1.9635481	2.9107578	1.2327062	4.6853385	4.743632	1.7991133000000001	2.493141	2.493141	2.4168446	2.0391898	2.5825560000000003	3.5557915999999996	6.072774400000001	2.9011374	3.0840537999999995	1.8875689999999998	5.047846	4.280257	4.983206299999999
AURKB	4.0409370000000004	1.5110093	5.1263676	1.4330235	0.9260758	5.498247	7.349962700000001	2.021513	5.5147758	7.435252	5.384426599999999	1.7225369	4.950486	5.3726172	4.852958999999999	0.65087	5.761321499999999	6.4237876	2.9088502	2.2203312000000004	3.9401956	4.9931817	6.3984879999999995	3.4854045	4.973136	5.714809	5.2027779999999995	6.054157	0.6323526999999999	6.2248019999999995	6.0127974	5.7128468	6.1501402999999994	6.0587864	5.668423000000001	6.038005	4.51219	5.461391000000001	5.4548435	6.1239175999999995	2.060053	5.3572	0.8560810999999999	4.8639665	5.5150695	6.297147	5.9523673	6.159507	5.6322575	5.842245	3.7279058	4.618217	6.433968	6.708746400000001	4.5831237	6.629927599999999	7.4892449999999995	5.077628	6.499222799999999	4.2683077	6.3857417000000005	4.5576425	4.9514537	6.6035	6.3478065	6.1442246	6.4324856	5.379546599999999	4.8743004999999995	5.584065
CDCA5	4.4802685	1.0000511	5.900828400000001	2.5509644000000002	1.6736089	5.530721	5.899451999999999	2.4541852000000004	5.789203	6.7806697	5.639215	2.3103974	5.575645	5.591605	5.0840335	0.9782476000000001	6.958933	4.3405595	4.375756299999999	2.0976171000000003	3.8708496	5.1858525	6.808517	3.266092	5.2137723	5.419185	5.4393077000000005	5.8902097	1.182776	5.989861	5.7270722	6.0946474	5.7959795	5.809925	6.219178	6.952584299999999	5.1505613	5.8945355	5.510961	6.746091000000001	1.9745712	4.2148867	1.0635976	6.0154557	5.49414	6.4144974	4.100944	6.7929580000000005	5.129282	6.4083705	3.0426714	4.6004744	5.504897	6.377343700000001	5.0904393	6.2004347	5.694603400000001	4.554004	5.812773	3.9928036	6.7965255	4.9116992999999995	5.6452904	4.9823346	6.0574074	6.0853852999999996	6.850247	6.080458999999999	4.203251	5.465008
CDCA8	2.9486402999999997	0.6600121	4.3125279999999995	1.3562181	1.0144353000000002	4.13591	4.873335	1.9030752	4.0134324999999995	5.8055053	4.3247824	1.5160798999999998	4.110175	5.1370544	4.13591	0.64164835	5.35681	4.234954	3.3248365	2.1570847	2.5849729	3.9202913999999995	5.3642254000000005	2.4905915000000003	4.2883214999999995	3.8379879999999997	4.1561966	4.6633344	1.3449053999999998	4.870341000000001	4.517258	4.9579379999999995	5.3822794	5.3241363	5.111022	5.1106334	4.2667904000000005	4.5109468	4.874784	5.593368	1.718147	4.138362399999999	1.049722	4.4436097000000006	3.7060065000000004	5.604043	4.530459	5.123551	4.9260106	5.030296	3.3348334000000004	3.7591845999999998	4.975944	5.185463400000001	3.8217175	4.181886	4.8419547	3.9653597	5.037858	3.0548935	5.6322575	3.7158902	4.402612	4.781389	5.3912597	5.2742352	4.978171	4.961616	4.0027404	4.805295500000001
TERT	1.1310111	1.9486238	5.9756885	1.400608	0.0	0.07052474	2.8359669999999997	0.028709901	3.4931483	4.286139	1.0909218	0.0	2.7928972	0.014497611	2.8659477000000004	1.5008324	2.1077466	4.5945295999999995	0.07052474	0.6136315999999999	0.26316009999999995	3.014414	2.4880432999999997	0.0	0.028709901	2.8032591	0.9108029000000001	0.7312613	0.07052474	0.9782476000000001	4.265274	0.17644595	0.15068647	0.16362981	0.22663648	4.147325	0.4751773	0.07052474	0.55591464	0.31045547	1.3505546	0.042784035	0.2751237	0.028709901	2.6780720000000002	0.41153392	0.15068647	3.7813343999999995	0.028709901	4.229557	0.028709901	0.21424463	0.0	0.20175661	2.9855356	2.577725	2.032156	0.21424463	0.08420307	0.44372052	0.0	0.028709901	1.9145979	1.9336054	0.07052474	0.0	3.2063751	0.0	0.9635396999999999	1.6041348
PDZK1	0.2987822	1.4115105	1.0566703000000002	1.4168863999999999	1.7740363000000001	1.0357134	1.5898027	4.945358000000001	0.50599486	1.0635976	0.28699607	2.4249787	0.6871335	0.9336372	2.961621	2.2141287	1.1635615	0.9260758	1.2810018	1.5656528	0.42232955	0.23891501	0.59464574	1.5946169	1.2631196000000002	0.38968015	0.58506453	0.7571259	2.7718697	0.87191325	0.38968015	0.90309465	0.5754108	0.9709230999999999	0.9336372	0.54605496	0.48553726	0.58506453	1.3162155	0.52618414	5.038246	1.6323309	3.0338876	0.42232955	0.31045547	0.9108029000000001	0.7571259	0.7571259	1.3162155	0.6871335	1.636943	0.5754108	1.9855485000000002	2.0391898	1.0427017	2.5873902	0.6781482	1.0566703000000002	0.78250456	1.6041348	0.80744386	0.42232955	0.6871335	1.4115105	0.45428359999999995	0.9260758	1.1243893999999999	1.0215281999999999	0.58506453	0.40063623
SLC44A3	0.40063623	1.2810018	0.80744386	1.400608	3.6005092000000003	0.48553726	0.25107563	3.3895449999999996	0.58506453	1.0144353000000002	0.35624728	0.58506453	0.9184638	0.0	2.8460355	3.305944	0.3674849	1.4647238	1.0215281999999999	2.2419004	0.44372052	0.54605496	0.90309465	0.94119436	1.5008324	2.9690335	0.99286234	0.64164835	1.0773331	0.2751237	0.62302387	0.42232955	0.7485361999999999	0.62302387	0.41153392	0.5361526	1.0976788999999998	0.7571259	0.4751773	0.6960961999999999	1.5558652	0.9184638	2.2898313999999997	0.77407175	0.4751773	0.13763218	0.89538705	0.4751773	0.20175661	0.35624728	1.3219714	0.64164835	0.887589	0.72254187	2.0807064	1.9561163000000001	0.17644595	0.52618414	0.38968015	1.2141696000000002	0.35624728	1.2570579	1.4751447	0.73994064	0.48553726	0.7312613	0.42232955	2.2110689999999997	1.5310872	0.887589
NR4A2	2.5825560000000003	5.585828	4.3736625	4.0729904	3.5147612	0.26316009999999995	0.6960961999999999	1.400608	0.77407175	0.9336372	3.0687146	1.5460458000000001	4.145721	0.8400183000000001	0.49579449999999997	4.267549	1.2928126	3.2295833	3.2433507	4.198523000000001	4.0849395	0.71378523	0.40063623	4.5861906999999995	1.8359431	2.9726982000000004	0.40063623	1.0773331	1.4060217	1.2928126	3.111082	1.8679093	0.64164835	2.5825560000000003	0.55591464	4.4080434	1.718147	0.5161281	1.8914397	1.9782271	1.6915852999999998	0.38968015	1.2987429	4.2078857	3.2463925	1.1441122	2.4568024	0.7485361999999999	1.4854795	0.15068647	0.83196074	0.7571259	1.2079737	0.32205167	5.754058000000001	0.9561472	0.65087	0.76562524	3.8278519999999996	0.87191325	0.5361526	0.15068647	2.3191085	0.45428359999999995	4.8836718	0.5161281	0.26316009999999995	1.3785836	1.6041348	1.0286552
NLGN4Y	1.1570913999999999	1.8560168999999997	3.3462807999999997	3.5655856	0.18916444	0.0	1.5310872	0.0	0.73994064	0.0	0.5754108	3.3477237	0.0	0.028709901	0.0	0.31045547	0.0	0.0	4.240352	2.8816669999999998	2.7070708	2.8319256	3.0321317000000003	0.0	4.6206154999999995	0.028709901	0.5361526	0.0	3.4263232000000006	0.25107563	0.49579449999999997	0.014497611	0.014497611	0.0	1.0357134	1.1441122	1.0909218	0.0	2.2141287	0.6960961999999999	3.5862005	0.0	0.0	1.8115393	0.0	0.0	0.45428359999999995	0.0	0.0	0.028709901	0.0	0.014497611	1.3896316999999998	1.0635976	2.695983	3.3262769999999997	1.1635615	1.0566703000000002	0.65087	0.0	0.0	0.45428359999999995	2.1408155	2.0108203999999996	0.64164835	0.0	0.9855609000000001	4.308919400000001	0.0	0.014497611
ANLN	2.885558	0.6871335	4.0232854	1.1635615	1.7005076000000001	2.4854136000000002	4.901549299999999	1.4854795	3.8430114	3.9864311000000003	3.9193575	1.0072758	3.6803536	4.259302	3.8247845000000003	0.87191325	4.309584	3.4249628	2.2691026	1.7697916	2.3895907000000003	2.8237624	4.828831	1.6599708999999998	4.336282	4.3326697	2.9653702	4.090022	0.6960961999999999	4.774548	3.4621067	4.5668370000000005	4.547207	4.234196	4.344172	4.3154726	2.9982147	4.529789	3.882686	4.4422736	1.3729870000000002	3.4033029999999997	0.8400183000000001	3.8237622000000004	3.3248365	4.0080857000000005	3.6758363	4.5655913	4.6264677	4.522327400000001	2.4060422999999997	2.7398314	4.70601	4.604693	3.4982522000000005	4.359674500000001	4.8114676	3.7484436000000003	4.578908	2.0179709999999997	5.233822	3.215653	4.1317606	4.537923	4.761254	4.3483562000000004	4.197671400000001	5.762303	3.26905	4.3326697
CES1	0.9486982	6.286288	2.0772705	0.22663648	2.8619790000000003	3.0959697	0.20175661	0.58506453	1.3951445	0.25107563	3.9069392999999994	0.33353373	0.33353373	0.124459624	0.097748086	0.3786144	0.22663648	2.5582678	0.11116745	1.1177393	2.2779882000000002	0.35624728	0.50599486	1.5210948	1.4115105	1.1764042	0.45428359999999995	1.1954168	0.22663648	0.64164835	2.833903	0.62302387	0.8156711	1.5558652	1.0704504	0.35624728	0.42232955	0.20175661	1.1111153	0.8797943000000001	0.9635396999999999	0.8797943000000001	0.7991509	4.299425	1.2327062	0.38968015	0.49579449999999997	0.90309465	0.46478304	0.94119436	1.3951445	0.64164835	0.0	0.42232955	1.0704504	2.7887046000000004	0.22663648	1.7093155	0.15068647	0.9108029000000001	1.5310872	0.8560810999999999	3.0232692	0.15068647	1.1111153	2.2570662	0.9486982	0.23891501	0.20175661	0.9782476000000001
CPLX3	0.31045547	1.8073926	0.20175661	0.17644595	1.996404	0.18916444	0.9635396999999999	2.565662	0.07052474	0.48553726	0.18916444	0.2751237	0.48553726	0.4751773	1.4594975000000001	0.89538705	0.18916444	1.8875689999999998	0.77407175	0.28699607	1.7782153000000003	1.0427017	0.32205167	0.18916444	0.33353373	3.5097427000000003	0.6781482	2.989119	1.526119	0.7908371	1.0773331	0.40063623	0.50599486	0.124459624	0.58506453	0.87191325	0.46478304	0.4751773	0.5656918000000001	0.71378523	3.5410663999999996	0.43305513	0.48553726	0.5754108	0.22663648	0.13763218	0.32205167	2.263081	0.5656918000000001	2.9963772	4.1497784	0.3786144	0.40063623	0.71378523	1.2570579	2.4195275	2.4751515	0.59464574	1.1044103	0.58506453	2.9672017000000004	0.4751773	5.611487400000001	0.41153392	0.48553726	0.8480885	0.62302387	1.6041348	6.275725	1.1764042
CASC5	1.7485055	0.2987822	3.0125740000000003	1.0072758	0.25107563	2.5210828999999997	3.1731594	1.0000511	2.0286055	3.617035	2.618221	0.3674849	3.1226732999999998	3.500805	3.056565	0.34494959999999997	3.4046612	2.5945642	1.4436299	0.5754108	0.7312613	2.469904	3.5460038000000003	1.0635976	3.576577	3.3334818	2.2986703	3.2615225	0.16362981	3.0053918	2.2957224999999997	3.2986646	3.4436587999999997	3.3477237	2.8319256	3.3519629999999996	2.4060422999999997	3.1060423999999998	2.6780720000000002	3.3334818	0.5161281	1.9449196	0.16362981	2.1243687	2.4005265	2.9963772	2.7506392	3.097648	2.922211	2.9126656000000004	1.4906301000000002	2.1731734	3.6495848	3.211013	2.500795	3.2311022	3.7136728999999997	2.577725	3.0426714	1.4751447	4.4093776	2.0772705	3.7959921000000003	3.4019443999999996	3.7082229	3.0303762	2.9690335	4.4521976	2.6135337000000005	3.0374002
EPCAM	0.7991509	1.7570888	4.6752477	5.583184200000001	3.5582623	0.8797943000000001	2.31615	4.5153456	1.7311942999999999	1.7442220000000002	0.6600121	3.4275932	5.135888	1.6870991000000002	1.2750628000000002	1.5993719	2.72683	1.1111153	0.9855609000000001	1.0000511	1.7570888	0.9184638	4.9736199999999995	0.77407175	0.71378523	4.9809790000000005	1.7740363000000001	0.82382965	5.3146787	5.522308	4.753838	2.4956913	4.3491163	0.83196074	3.1953225	3.7677076	1.5160798999999998	1.4489502	0.52618414	0.8560810999999999	1.0072758	1.3729870000000002	1.1310111	2.8777779999999997	1.3785836	1.8399782	2.9560432	5.3753495000000004	1.7137631000000002	3.2280642999999998	6.3302264	1.7268628000000001	0.9635396999999999	4.437599700000001	2.5898084999999997	3.966296	2.2110689999999997	1.3219714	1.6645558999999996	1.929841	1.8991928	4.89575	5.5616455	1.3219714	1.3562181	1.9145979	3.9900856	0.8640384	3.3001022000000004	2.3701974999999997
AGTR1	0.16362981	3.8349187000000007	0.3786144	1.7991133000000001	4.12516	0.34494959999999997	0.6691063	1.5310872	1.049722	0.042784035	0.40063623	1.3449053999999998	0.15068647	1.2570579	3.6253042	2.1922037999999997	0.22663648	0.35624728	4.5680819999999995	3.8268294000000003	0.46478304	4.916437	0.25107563	0.21424463	2.0807064	1.6276582	1.0000511	2.448954	0.32205167	0.11116745	0.2987822	0.72254187	0.45428359999999995	2.2957224999999997	0.5656918000000001	0.8480885	0.22663648	0.25107563	0.42232955	0.08420307	2.9088502	0.6691063	2.989119	1.8278862	0.9108029000000001	0.2751237	1.989139	1.2750628000000002	0.18916444	0.2987822	3.5273602	3.4128146	1.4060217	0.72254187	3.83185	1.4060217	0.3674849	0.6323526999999999	0.58506453	0.6041816	0.0	0.11116745	0.9260758	0.6781482	1.4594975000000001	0.46478304	0.08420307	0.33353373	2.7420428	2.5533702000000003
ACTN2	1.5008324	3.8470125	6.867894000000001	6.260919599999999	5.4966826	0.6136315999999999	5.527297	6.3164997000000005	6.1966863	6.5278068	5.0053883	6.457000700000001	5.8892264	7.1629934	0.18916444	4.486096	7.131219000000001	1.7485055	6.6360655	2.8719041	4.8480360000000005	5.6542096	4.999575599999999	5.85276	6.441480599999999	4.3455033	2.4114816	5.1827407	6.4850817	6.3421764000000005	5.8584595	6.546602	5.803246499999999	4.873818	6.902102	3.9383256	6.725585000000001	7.011118	2.8400102	5.8902097	6.661311	2.1827579	1.6915852999999998	3.3631544	5.6763650000000005	5.9993105	5.547845400000001	6.1095276	4.812528599999999	5.564974299999999	6.502091	6.403923000000001	5.9873012999999995	5.5619392	7.144424400000001	3.0823777000000003	3.5595436	4.762313400000001	5.3077574	5.057448	7.081085000000001	6.088538	1.9671944	4.3197470000000004	6.6884429999999995	6.803958000000001	6.376059	7.244239	2.9946277	4.7618313
CLEC4M	0.042784035	0.11116745	3.6724257000000007	0.08420307	0.124459624	2.2047992	4.6746707	0.0	4.7490234000000004	2.3248699	0.16362981	0.0	0.0	0.0	0.124459624	0.05672351	3.9891486000000005	0.0	0.042784035	0.07052474	1.0976788999999998	0.097748086	0.46478304	0.0	3.7644646	0.0	1.6229928	0.0	0.0	1.7527944	0.0	4.8762326	6.335362	0.0	3.2824125	0.0	1.3562181	3.314667	3.3659537000000004	4.0832453	0.028709901	0.014497611	0.028709901	0.042784035	0.99286234	3.5729122	1.2203858	5.868681400000001	0.0	3.6553843	0.0	4.6604529999999995	0.0	3.7495546	0.58506453	0.15068647	0.0	6.188007	0.59464574	7.536484700000001	5.087916000000001	1.2079737	5.361103	1.3104153	0.0	0.20175661	3.5582623	0.0	1.8319125	0.0
E2F1	4.936360400000001	1.3045712	5.8631773	2.6554046000000002	1.608838	5.502354599999999	6.2137523	3.4594697999999995	5.219125	6.982345	5.2945995	2.5084577	5.6490145	6.186429	5.0469728	1.1177393	6.321041999999999	5.425925	4.427585	2.3868396	3.890425	5.055701999999999	6.0320964	4.0338936	4.6752477	4.995894	4.7020664000000005	5.9262004	1.2987429	6.303466	5.8295712	5.684012999999999	6.303071	6.3069215	5.575645	6.3936462	4.832401	6.195897	5.5326786	7.0495224	2.201667	4.5837946	1.5210948	5.4847535999999995	5.2479385999999995	6.494574500000001	4.920305	6.257169	5.8158183	5.8075676	4.058321	4.8145537	6.2600307	6.099969000000001	4.7782089999999995	6.343954599999999	6.661311	5.2456994	6.3819870000000005	3.5285474999999997	6.355116000000001	4.693221	5.677247	6.3576846	6.3961167	5.509983	6.0165386	5.756512	4.507122	5.8519735
SLC11A1	1.718147	6.9974256	4.1755557	1.0357134	3.5981236000000005	0.5754108	1.1506448999999999	0.6600121	1.0215281999999999	1.1764042	2.4905915000000003	1.1243893999999999	0.55591464	0.77407175	1.5361298	4.259302	0.32205167	1.4957263	1.2388668999999999	2.4982425999999998	3.5534127	1.2987429	1.1375494	0.76562524	2.2234745	0.71378523	0.3786144	2.0669782	0.8156711	0.6600121	2.720295	0.3786144	1.3729870000000002	1.1177393	0.5361526	1.7866592000000001	2.032156	1.0215281999999999	1.3449053999999998	1.7824702000000001	1.2141696000000002	0.9108029000000001	0.44372052	6.6033015	4.878261599999999	0.5754108	0.33353373	1.3674041000000001	2.2868881	1.1570913999999999	1.182776	0.9184638	0.6781482	1.0841396	1.7225369	0.9184638	0.41153392	0.58506453	0.5656918000000001	1.929841	1.4699608999999998	1.0286552	2.3701974999999997	0.48553726	1.3104153	2.1440650000000003	0.6323526999999999	0.45428359999999995	1.3277426	0.15068647
GNGT1	3.214136	0.58506453	0.887589	0.7312613	0.0	0.0	0.20175661	1.7782153000000003	1.4330235	0.16362981	0.21424463	0.5361526	0.0	3.375711	2.5753107	0.45428359999999995	0.0	1.7740363000000001	0.0	3.0338876	0.5656918000000001	3.3743550000000004	0.014497611	0.21424463	3.987368	0.08420307	0.62302387	3.716999	0.7485361999999999	2.7824624	2.4409522999999997	0.028709901	2.9523847	3.9718193999999998	0.11116745	0.07052474	2.6017451	0.0	0.0	3.109402	0.0	1.1954168	0.45428359999999995	0.9709230999999999	0.08420307	2.6158772	3.8708496	0.07052474	4.8885026	0.7485361999999999	2.4905915000000003	0.13763218	2.8319256	0.2751237	0.0	0.9184638	0.15068647	2.5753107	4.279498	0.124459624	2.9373294999999997	4.038307	2.1243687	0.0	1.1699992000000001	0.76562524	0.7485361999999999	3.2295833	0.0	0.22663648
CACNG7	4.968973	1.4060217	4.2787394999999995	1.8115393	2.4594207000000003	0.0	4.782931	3.7687269999999997	1.1441122	3.1342769	2.4141626	2.6461546	1.4168863999999999	0.0	5.8194532	0.6600121	0.0	3.7907957999999997	1.5361298	0.11116745	3.3348334000000004	0.21424463	0.0	3.6017019999999995	0.0	3.8489668	0.097748086	2.2539822999999997	4.473774	5.064821	0.014497611	1.0286552	3.2599998	4.330579	0.014497611	2.4880432999999997	4.157896	0.124459624	0.0	2.648508	2.5160465	2.9448977000000003	3.220384	1.6690792	0.62302387	4.2433834	4.893333999999999	0.33353373	3.524803	4.7042785	5.614426	4.828831	5.714220500000001	2.281006	0.124459624	4.1135674	3.7344718	0.0	4.016998	0.124459624	4.1408153	0.0	0.87191325	0.17644595	0.042784035	0.028709901	4.1408153	1.7137631000000002	4.5533338	4.5837946
WNT11	1.4276745000000002	4.659396	2.189079	1.9598305	2.8135476	0.45428359999999995	1.7093155	1.1310111	1.3219714	0.50599486	1.0566703000000002	1.929841	0.6323526999999999	1.0841396	0.38968015	2.548476	0.23891501	1.641562	0.78250456	3.196926	4.3680477	1.0072758	0.50599486	1.4647238	1.5059485000000001	1.8359431	0.6600121	1.3785836	3.2249380000000003	1.5210948	0.6600121	0.64164835	1.4330235	1.8399782	0.7049559	2.0772705	1.1044103	0.42232955	1.3618348	0.7312613	4.356155	1.8875689999999998	3.377157	2.7740042000000003	0.6781482	1.2016847	1.1375494	0.887589	0.6323526999999999	1.0841396	4.8693748	1.33921	3.3854747000000005	1.0841396	1.3277426	1.1441122	1.0976788999999998	0.5361526	0.62302387	1.1635615	0.31045547	1.4168863999999999	1.8719058999999998	1.2869579	1.4751447	1.2449315	0.45428359999999995	0.99286234	0.43305513	0.15068647
MMP1	0.6871335	1.5753416	3.7004666	0.042784035	0.014497611	0.35624728	1.9598305	0.4751773	2.8032591	1.3951445	1.0072758	0.35624728	0.05672351	0.0	0.028709901	0.05672351	0.7908371	1.3729870000000002	0.11116745	0.6871335	4.342746	1.0427017	2.5680728	0.0	1.875834	0.7485361999999999	1.0357134	2.4249787	0.35624728	2.6040845	0.32205167	1.0215281999999999	0.07052474	0.9855609000000001	0.2987822	0.87191325	2.2479775	0.23891501	0.89538705	2.9653702	1.0909218	0.32205167	0.43305513	5.90781	4.8156147	0.5656918000000001	0.26316009999999995	1.636943	0.17644595	0.5161281	0.45428359999999995	0.2751237	2.9579601	0.7991509	0.5656918000000001	0.028709901	1.0635976	0.38968015	0.5361526	0.54605496	1.7655522000000001	0.45428359999999995	2.1858785	0.6960961999999999	0.7049559	2.9467254	0.58506453	1.8560168999999997	3.8639562000000005	0.9855609000000001
